AC,cluster
A0A023IWD9,1
A0A023IWE0,1
A0A023IWE1,1
A0A023IWE2,1
A0A023IWE3,1
A0A023IWG1,1
A0A023IWG2,1
A0A023IWG3,1
A0A023IWG4,1
A0A023IWI4,1
A0A023IWI6,1
A0A023IWI8,1
A0A023IWK3,1
A0A023IWK4,1
A0A023IWK5,1
A0A023IWK6,1
A0A023IWK7,1
A0A023IWM4,1
A0A023IWM5,1
A0A023IWM6,1
A0A023IWM7,1
A0A023IWM8,1
A0A023UA23,1
A0A023UBA8,1
A0A023UBX6,1
A0A023UBY3,1
A0A023UCA6,1
A0A023UCC1,1
A0A023VZF1,1
A0A023VZM6,1
A0A023W082,1
A0A023W090,1
A0A023W0B6,1
A0A023W0C3,1
A0A023W0U0,1
A0A023W0V9,1
A0A023W0W9,1
A0A023W123,1
A0A023W140,3
A0A023W145,3
A0A023W157,1
A0A023W163,1
A0A023W168,1
A0A024SC78,1
A0A024SH76,5
A0A024SIB3,1
A0A059J5P2,5
A0A059UI30,2
A0A067SLB9,1
A0A068B0Z6,2
A0A068B409,2
A0A068B6Q6,2
A0A072TRR8,3
A0A072UTP9,1
A0A072V9Z0,3
A0A077DF94,2
A0A084G2W8,5
A0A088MIT0,1
A0A090CRQ9,0
A0A096P2H4,1
A0A096ZEC9,4
A0A0A0V662,0
A0A0A0VBR5,0
A0A0A0VBX4,0
A0A0A1I6E7,0
A0A0A7DNP6,0
A0A0B4JDK1,0
A0A0B5A7M7,6
A0A0B5A7N1,6
A0A0B5A7N5,6
A0A0B5A7N8,6
A0A0B5A8P8,6
A0A0B5A8Q6,6
A0A0B5ABD5,6
A0A0B5ABD9,6
A0A0B5ABE4,6
A0A0B5ABE6,6
A0A0B5AC90,6
A0A0B5AC98,6
A0A0B5ADT3,6
A0A0B5ADT9,6
A0A0B5ADU4,6
A0A0C3RR82,3
A0A0C4G489,0
A0A0C4G4L1,2
A0A0D1CKI0,0
A0A0D1DPX0,1
A0A0D4WTV1,2
A0A0F7YYV0,6
A0A0F7YZQ7,1
A0A0G2K7V7,3
A0A0H3H546,0
A0A0K1YW63,1
A0A0K8TUE2,0
A0A0N7KBN8,6
A0A0N9LWM6,0
A0A0P0UTI6,2
A0A0P0UTQ7,2
A0A0R4IKU3,2
A0A125S9D9,4
A0A125S9E1,2
A0A125S9E4,5
A0A125S9E9,0
A0A125S9F2,6
A0A125S9F3,6
A0A125S9F9,3
A0A125S9G2,2
A0A125S9G3,0
A0A139GI49,2
A0A141TBR6,1
A0A142C197,0
A0A142I730,6
A0A144LUY5,5
A0A144LVL3,5
A0A144LVM3,2
A0A146F0J0,0
A0A193H2X2,1
A0A193H327,1
A0A193H329,1
A0A193H356,1
A0A193H361,1
A0A193H362,1
A0A193H365,1
A0A193H395,1
A0A193H396,1
A0A193H397,1
A0A1B0GVD1,5
A0A1B7XV12,6
A0A1D0BN92,3
A0A1D0BR67,5
A0A1D0BRC1,0
A0A1D0BZF5,5
A0A1D0BZI2,3
A0A1D0C0W1,4
A0A1D3IXR7,0
A0A1D5PPP7,2
A0A1D5PUP4,2
A0A1E1WVR9,0
A0A1I9KNP0,3
A0A1I9LMX5,4
A0A1L2F565,4
A0A1L4BJ46,6
A0A1M4BLT1,1
A0A1P8NVU1,6
A0A1P8VFM2,5
A0A1Q3EPD6,3
A0A1R3S3A8,0
A0A1S3PBB7,1
A0A1S6EK91,2
A0A218QWY8,3
A0A219CM62,3
A0A219CMY0,3
A0A286LEZ8,3
A0A291NVT7,3
A0A2D1P890,0
A0A2I4QAG8,6
A0A2I6EDL2,0
A0A2I6EDL4,0
A0A2I6EDL5,0
A0A2I6EDL7,0
A0A2I6EDM1,0
A0A2I6EDM8,0
A0A2I6EDN0,0
A0A2I6EDN3,0
A0A2I6EDN8,0
A0A2I8B352,2
A0A2L1DGG0,1
A0A2L2DDD0,1
A0A2L2DDE6,1
A0A2L2P6T1,6
A0A2R2JFI5,3
A0A2U8JCR5,1
A0A2Y9GHM8,1
A0A2Z5Z9X0,3
A0A315,3
A0A318,2
A0A331,0
A0A345GPN1,3
A0A346CIA0,3
A0A346CIB2,3
A0A346CIB3,3
A0A348G5V8,2
A0A348G5V9,2
A0A348G5W0,2
A0A348G5W2,2
A0A348G6I7,2
A0A348G6I9,2
A0A348G6J1,2
A0A384E129,6
A0A384JN58,4
A0A384K116,5
A0A3G1VU73,3
A0A3G1VU77,3
A0A3G1VU78,3
A0A3G1VU81,3
A0A3G1VU84,3
A0A3G3C7R5,2
A0A3G3C7S0,2
A0A3G3C7S2,2
A0A3G3C7S9,2
A0A3G3C7T2,6
A0A3G3C7T9,3
A0A3G3C7U2,0
A0A3G3C7U4,2
A0A3G3C7U7,6
A0A3G3C7V0,2
A0A3G3C7V6,6
A0A3G3C7W0,4
A0A3G5BIB1,0
A0A3G5BIC2,1
A0A3G6IHA6,2
A0A3P8MJV5,4
A0A3S9V8K6,6
A0A3S9V8L9,6
A0A4P9I8G4,4
A0A4S8L4Q5,3
A0A4Y5X1A7,3
A0A4Y7TJF3,3
A0A5C1ZW08,5
A0A5C1ZXT8,5
A0A5C2A2T2,5
A0A5C3KU62,3
A0A5P9K461,1
A0A5P9K470,1
A0A5P9K5G4,1
A0A5P9K6A8,1
A0A5P9K9Z4,1
A0A5P9NYS6,1
A0A5Q0MU22,1
A0A5Q0MUM5,1
A0A5Q0MUT1,1
A0A679PF76,0
A0A6B7FA07,4
A0A6B7FBD3,4
A0A6B7FEJ3,4
A0A6B9L8Y4,5
A0A6B9L900,6
A0A6G9KHD1,2
A0A6G9KHD6,2
A0A6G9KHE4,2
A0A6G9KIR5,2
A0A6G9KJK9,2
A0A6G9KJV6,2
A0A6M3Z4D9,2
A0A6M3Z4E7,0
A0A6M3Z4L2,0
A0A6M3Z4R1,2
A0A6M3Z4R4,2
A0A6M3Z541,4
A0A6M3Z554,1
A0A6M6R9M4,4
A0A6M6RE84,4
A0A7J6KDB0,4
A0A7M6UNN1,0
A0A8J9SEV3,6
A0A8U0LTF0,2
A0A8U0LTY4,2
A0A976XKR0,2
A0AAD6J456,0
A0AEI5,1
A0AEI6,1
A0AIY9,5
A0B5B1,3
A0C767,0
A0FKN6,6
A0JMK6,0
A0JNL5,6
A0JNQ7,1
A0MLS4,4
A0NDK8,0
A0Q1T6,5
A0RJ49,5
A0RXV1,3
A0RZB4,5
A0S864,3
A0S865,3
A0SE59,2
A0SE60,2
A0SIF1,1
A0SIX6,1
A0SN38,1
A0SN42,1
A0SN45,1
A0SPI0,3
A0T099,2
A0T0G9,3
A0T0S8,2
A0T0W2,3
A0ZT93,5
A0ZZ15,3
A0ZZ18,2
A1A4K5,0
A1CBR4,0
A1CD22,1
A1CIV8,6
A1DAQ2,6
A1DBP9,0
A1DHY9,0
A1DJ47,1
A1E9Q4,3
A1E9Q7,2
A1E9R0,0
A1E9Y8,3
A1E9Z1,2
A1E9Z4,0
A1EC31,5
A1JKC3,5
A1KXI1,3
A1L453,3
A1R6Q7,2
A1RWY6,3
A1RX71,3
A1SK13,2
A1X8B8,2
A1X8B9,2
A1X8C2,2
A1X8C3,2
A1X8C6,2
A1X8D0,2
A1X8D8,2
A1X8D9,2
A1XFV1,0
A1XQU1,1
A1Z0M0,0
A1ZB63,1
A1ZB64,1
A2A5I3,1
A2BDG0,5
A2BDG5,5
A2BDG9,5
A2BN24,3
A2BN27,3
A2BP21,3
A2BP71,2
A2BUK1,3
A2BUQ3,2
A2C057,3
A2C0A5,2
A2CCL2,2
A2D4U1,6
A2D670,6
A2QAH3,6
A2QBB6,6
A2QBQ3,0
A2QCV8,6
A2QH21,1
A2QL39,6
A2QTS4,3
A2QYT9,3
A2R3L3,0
A2R5S4,6
A2R8F8,6
A2RLA2,5
A2T309,3
A2T329,0
A2T6K4,6
A2V9Z4,3
A2VDL6,6
A2VE33,5
A2XHZ9,5
A2YFB4,4
A2ZBG5,5
A2ZC67,1
A3CUS9,3
A3DBS4,5
A3DN21,3
A3DN27,3
A3DT44,2
A3F7X1,3
A3F7X2,5
A3GFU8,6
A3MXQ6,3
A3PAU3,3
A3PAZ3,2
A4FYA5,3
A4GGA1,0
A4GYN9,3
A4GYQ5,0
A4H220,3
A4H221,3
A4H223,3
A4LA70,6
A4QJ96,3
A4QJI0,3
A4QJJ5,0
A4QJR4,3
A4QJS9,0
A4QK14,0
A4QK85,3
A4QKA1,0
A4QKI8,0
A4QKR1,3
A4QKS7,0
A4QL15,0
A4QL86,3
A4QLA2,0
A4QLH5,3
A4QLJ0,0
A4QLR3,3
A4QLS9,0
A4TL44,5
A4USB4,2
A4VUF9,5
A4W0Q0,5
A4WMZ0,3
A4X3P0,2
A4XJS7,5
A4YJ04,3
A5A3H2,1
A5A3H3,1
A5A3H4,1
A5A3H5,1
A5A6H8,3
A5A6J6,5
A5A6K7,4
A5A6M2,0
A5A6P7,5
A5A752,5
A5A8K9,3
A5DWI6,6
A5GIE8,2
A5GJU5,3
A5GTY4,3
A5GTY5,3
A5GWF4,2
A5H1G9,3
A5I667,5
A5IS17,0
A5ITG9,5
A5LHG2,5
A5LHX3,2
A5N6K1,5
A5UM14,3
A5VKS3,5
A6BM07,5
A6BM28,3
A6BM30,0
A6H4Q8,1
A6H5E4,3
A6H5G7,0
A6L3B5,3
A6LHQ6,4
A6LHQ9,2
A6LQR8,5
A6M934,2
A6M938,2
A6MFK7,2
A6MFK8,2
A6MFK9,5
A6MM16,3
A6MM32,0
A6MMA2,3
A6MMB8,0
A6MMI8,3
A6MMK3,0
A6MMS4,3
A6MMU0,0
A6MWS9,0
A6MWT0,0
A6N6J0,3
A6NCE7,6
A6ND01,3
A6P331,2
A6P3B2,5
A6QG32,0
A6QHI7,5
A6QPN6,1
A6RPU4,6
A6U0U8,0
A6U2B3,5
A6USJ3,3
A6UT20,3
A6VK02,3
A6XN32,5
A6YB85,0
A6YF56,3
A6YR20,6
A6YR21,6
A6YR42,6
A6YRN9,2
A6ZL22,2
A6ZQH2,6
A6ZQH4,6
A6ZSH9,4
A6ZY20,2
A6ZZG0,6
A6ZZG1,6
A6ZZH2,4
A7E8H4,6
A7FFL9,5
A7FXU7,5
A7GHK3,5
A7GT16,2
A7GTC2,5
A7I841,3
A7KE01,3
A7KII6,3
A7LAC6,3
A7LAC7,3
A7LCJ2,6
A7LI91,6
A7LI92,6
A7M4E1,3
A7M8Y6,3
A7M8Z7,0
A7M962,0
A7RMN1,5
A7SCE5,6
A7SRR3,2
A7TLD4,4
A7UDM9,6
A7UKV5,0
A7WNV3,1
A7WNV4,1
A7WNV5,1
A7WNV6,1
A7WNV7,1
A7X149,0
A7X362,5
A7X3S0,3
A7X3V0,3
A7Y395,3
A7YY44,6
A7Z070,3
A7Z6W8,2
A7Z783,5
A8AA46,3
A8AWF9,5
A8B5P0,1
A8B5P7,1
A8B5Q0,1
A8CL69,3
A8D888,5
A8DS38,1
A8DY01,1
A8FFD9,2
A8FFT0,5
A8G2T2,2
A8G5N5,3
A8M8R5,3
A8Q7G1,0
A8QL53,3
A8QL57,3
A8S6B3,3
A8SE40,3
A8W3A5,3
A8W3C0,0
A8W3H2,3
A8W3I3,0
A8W7M4,1
A8W7M6,1
A8W7M7,1
A8W7M9,1
A8W7N0,1
A8W7N1,1
A8W7N2,1
A8W7N3,1
A8W7N5,1
A8W7N6,1
A8W7N7,1
A8W7N8,1
A8W7N9,1
A8W7P0,1
A8W7P1,1
A8W7P2,1
A8W7P3,1
A8WTF8,3
A8WU84,5
A8Y7N7,4
A8Y7N8,4
A8Y7N9,4
A8Y9F6,0
A8YPR9,6
A8Z1R1,0
A8Z2H3,5
A9A2U7,3
A9A788,3
A9KMF6,5
A9L976,3
A9L992,0
A9LYI1,0
A9P3S1,1
A9R3T6,5
A9UGV5,1
A9UGV6,1
A9VHU8,2
A9VIR7,5
A9XDG0,2
A9XDG1,2
A9XDG2,2
A9XDG3,2
A9XFZ7,0
B0BK71,2
B0BK72,2
B0BND0,5
B0CB14,3
B0CPC6,4
B0FYL5,1
B0I1T2,4
B0JIS8,3
B0JSW8,2
B0K416,5
B0KAC0,5
B0L0Y5,0
B0L0Y6,3
B0R2U4,4
B0R4C8,3
B0TBW5,5
B0VXV8,6
B0XPA1,6
B0XT09,2
B0XT72,2
B0XTU6,0
B0XVI5,2
B0XXF8,1
B0XZV8,5
B0Y4Z4,6
B0Y665,5
B0Y8H9,2
B0YAH0,6
B0YPN1,3
B0Z4K6,3
B0Z4U0,3
B0Z4V5,0
B0Z524,3
B0Z539,0
B0Z5A8,3
B0ZE70,6
B0ZT25,3
B1A931,0
B1AIJ8,5
B1AVD1,1
B1B213,1
B1B5I9,6
B1B5J0,0
B1B6T1,5
B1IBP4,5
B1ILY6,5
B1IQZ3,5
B1JR58,5
B1KZR4,5
B1L6S7,3
B1NRQ8,1
B1NRQ9,1
B1NRR0,1
B1NRR1,1
B1NRR2,1
B1NRR3,1
B1NWD0,3
B1NWR7,6
B1NWS1,6
B1NWS4,6
B1NWT3,6
B1NWT4,6
B1NWT5,6
B1NWT7,6
B1NWU2,6
B1NWU3,6
B1NWU4,6
B1NWU5,6
B1NWU6,6
B1P1A2,5
B1P1A4,5
B1P1A6,6
B1P1A7,6
B1P1A9,6
B1P1B3,0
B1P1B6,5
B1P1B7,5
B1P1B8,5
B1P1B9,5
B1P1C2,5
B1P1C6,5
B1P1C7,5
B1P1C8,5
B1P1D7,5
B1P1D8,5
B1P1D9,5
B1P1E0,5
B1P1E1,5
B1P1E2,5
B1P1E3,5
B1P1E4,5
B1P1E5,5
B1P1E6,5
B1P1E7,5
B1P1E8,5
B1P1F1,5
B1P1F3,5
B1P1F4,5
B1P1F5,5
B1P1F6,5
B1P1F7,5
B1P1F8,5
B1P1F9,5
B1P1G0,5
B1P1G1,5
B1P1G2,5
B1P1G3,5
B1P1G4,5
B1P1G5,5
B1P1G6,5
B1P1H0,5
B1P1H1,5
B1P1H2,5
B1P1H5,2
B1P1H7,3
B1P1H9,5
B1P1I1,5
B1P1I2,5
B1P1I3,5
B1P1I4,5
B1P1I5,5
B1P1I6,5
B1P1J4,3
B1PZN6,0
B1VAF3,5
B1VKF9,3
B1VKG9,0
B1WUL2,2
B1XF62,5
B1XIP3,3
B1XM24,3
B1XMN4,2
B1YDJ0,3
B1YJS1,5
B2A6B5,5
B2CI27,0
B2CI28,0
B2CJ57,2
B2CJ87,0
B2G856,5
B2GD71,5
B2IQ02,5
B2J4T9,2
B2KAB7,5
B2KKR4,1
B2KKV6,2
B2KKV7,2
B2KKV8,2
B2KKW0,2
B2KPN7,0
B2LMI9,0
B2MW54,5
B2RH54,2
B2RH57,5
B2RH58,2
B2RH59,6
B2RHG1,0
B2RHG3,1
B2TK69,5
B2V0A7,5
B2XWK1,0
B2Y1W5,2
B2ZB95,5
B2ZB96,5
B2ZB98,5
B2ZB99,5
B2ZBA0,5
B2ZBA1,5
B2ZBB6,4
B2ZBB8,4
B2ZBB9,4
B2ZBC0,4
B3A0N7,0
B3EWF2,0
B3EWF3,0
B3EWF4,0
B3EWF6,0
B3EWG0,6
B3EWH5,1
B3EWH6,1
B3EWL1,0
B3EWL9,0
B3EWM1,4
B3EWM3,5
B3EWR6,1
B3EWS6,0
B3EWS7,0
B3EWS8,0
B3EWS9,2
B3EWT0,0
B3EWY4,6
B3F0J0,6
B3FIA6,0
B3FIN4,5
B3FIQ7,3
B3FIS2,5
B3FIS3,5
B3FIS4,5
B3FIV1,3
B3GS44,6
B3H587,5
B3H5A9,2
B3H5J1,6
B3H5Q2,5
B3H7I1,1
B3IUD8,6
B3IUE0,6
B3IWF7,4
B3IWF8,4
B3IWF9,4
B3KYH4,1
B3KYH5,1
B3KYH6,1
B3LPD6,4
B3LQU0,6
B3LQU1,6
B3LVG7,6
B3MFC2,6
B3NSF6,6
B3QZT2,5
B3SP85,1
B3SVF1,0
B3V0K8,0
B3VZU0,1
B3VZU1,1
B3VZU2,1
B3VZU3,1
B3VZU4,1
B3VZU5,1
B3VZU6,1
B4GAN3,6
B4HNI3,6
B4J8Z9,6
B4LQ44,6
B4MQJ1,6
B4P641,6
B4QBL6,6
B4THR7,5
B5A5T4,6
B5A9T0,1
B5A9T1,1
B5E022,6
B5E4L9,5
B5G6G5,2
B5IEE5,3
B5LUQ3,1
B5LUQ4,1
B5LUQ5,1
B5LUQ6,1
B5LUQ7,1
B5LUQ8,1
B5LUQ9,1
B5LUR0,1
B5LUR1,1
B5MFD0,6
B5SY89,1
B5VE42,2
B5VL25,6
B5VL27,6
B5ZB18,5
B6CPR5,1
B6D434,2
B6DCJ0,0
B6DCJ1,0
B6DCJ3,0
B6DCJ4,0
B6DCJ5,0
B6DCJ6,0
B6DCJ7,0
B6DCJ9,0
B6DCK0,0
B6DCK1,0
B6DCK2,0
B6DCK4,0
B6DCK5,0
B6DCK6,0
B6DCK8,0
B6DCK9,0
B6DCL1,0
B6DCL2,0
B6DCL4,0
B6DCL5,0
B6DCL6,0
B6DCL7,0
B6DCL9,0
B6DCM0,0
B6DCM1,0
B6DCM2,0
B6DCM3,0
B6DCM4,0
B6DCM5,0
B6DCM6,0
B6DCM7,0
B6DCM9,0
B6DCN0,0
B6DCN1,0
B6DCN2,0
B6DCN3,0
B6DCN4,0
B6DCN5,0
B6DCN6,0
B6DCN7,0
B6DCN8,0
B6DCN9,0
B6DCP0,0
B6DCP1,0
B6DCP2,0
B6DCP4,0
B6DCP6,0
B6DCP7,0
B6DCQ1,0
B6DCQ2,0
B6DCQ3,0
B6DCQ4,0
B6DCQ6,0
B6DCQ7,0
B6DCQ8,0
B6DCQ9,0
B6DCR1,0
B6DCR2,0
B6DCR3,0
B6DCR4,0
B6DCR5,0
B6DCR6,0
B6DCR7,0
B6DCR8,0
B6DCS0,0
B6DCS1,0
B6DCS2,0
B6DCS3,0
B6DCS4,0
B6DCS5,0
B6DCS6,0
B6DCS8,0
B6DCT0,0
B6DCT1,0
B6DCT2,0
B6DCT3,0
B6DCT4,0
B6DCT5,0
B6DCT6,0
B6DCT7,0
B6DCT8,0
B6DCU2,0
B6DCU3,0
B6DCU4,0
B6DCU5,0
B6DCU6,0
B6DCU7,0
B6DCU8,0
B6DCU9,0
B6DCX5,4
B6DCX6,4
B6DCX7,4
B6DCX8,4
B6DCY0,4
B6DCY2,4
B6DCY3,4
B6DCY5,4
B6DCY6,4
B6DCY7,4
B6DCY8,4
B6DCY9,4
B6DCZ0,4
B6DCZ1,4
B6DCZ2,4
B6DCZ3,4
B6DCZ4,4
B6DCZ5,4
B6DCZ8,4
B6DCZ9,4
B6DD00,4
B6DD01,4
B6DD02,4
B6DD03,4
B6DD04,4
B6DD05,4
B6DD06,4
B6DD07,4
B6DD08,4
B6DD10,4
B6DD11,4
B6DD19,1
B6DD20,1
B6DD21,1
B6DD22,1
B6DD23,1
B6DD24,1
B6DD25,1
B6DD26,1
B6DD27,1
B6DD28,1
B6DD29,3
B6DD30,3
B6DD31,3
B6DD32,3
B6DD52,1
B6DD53,1
B6DD54,1
B6DD56,1
B6DD57,1
B6DD58,1
B6DD59,5
B6DT16,2
B6EWW8,4
B6GXZ8,0
B6HY14,1
B6HY15,1
B6HY16,1
B6IB31,5
B6K9M7,2
B6KAM0,2
B6S2X0,2
B6S2X2,2
B6ULW4,0
B6ULW5,0
B6ULW6,0
B6ULW7,0
B6V867,0
B6YSW2,3
B6YXV3,3
B7G6D3,6
B7GIR0,5
B7HCU7,2
B7HE75,5
B7HPM0,2
B7HQK0,5
B7IIV4,5
B7IYH4,2
B7JNV3,2
B7JQ28,5
B7JVQ3,2
B7K989,2
B7L5E9,5
B7LZY9,5
B7M9V0,5
B7MV44,5
B7NB47,5
B7NUP2,5
B7URT6,5
B8D673,3
B8D683,3
B8DHK8,5
B8FUS1,5
B8GG66,3
B8H8L6,2
B8HTR1,2
B8I178,5
B8JLQ9,2
B8K1V9,5
B8N7S7,0
B8N7Z8,6
B8N8M2,6
B8NCQ5,0
B8QG00,1
B8XH40,2
B8XH50,2
B8ZPV1,5
B9DNE8,5
B9DU56,5
B9E020,5
B9ENM6,5
B9IY88,2
B9IZ18,5
B9LTS6,3
B9MRB7,5
B9TQX1,5
B9TQX2,5
B9TQX3,5
B9TQX4,5
B9U443,1
B9UIY3,0
B9W4V6,1
C0H690,4
C0H694,0
C0HJF6,1
C0HJI1,3
C0HJI2,3
C0HJI3,3
C0HJI4,3
C0HJI5,3
C0HJI6,3
C0HJI7,3
C0HJI8,3
C0HJK2,5
C0HJK4,5
C0HJT9,3
C0HJU0,3
C0HJV6,2
C0HJV7,2
C0HJV8,2
C0HJZ6,1
C0HJZ7,1
C0HJZ8,1
C0HJZ9,1
C0HK00,1
C0HK01,1
C0HK02,1
C0HK03,1
C0HK26,4
C0HK27,5
C0HK57,1
C0HKA3,3
C0HKA4,3
C0HKA5,3
C0HKA6,3
C0HKA8,4
C0HKA9,4
C0HKF6,2
C0HKF7,3
C0HKF8,3
C0HKG0,4
C0HKG1,4
C0HKG7,0
C0HKG8,0
C0HKG9,0
C0HKR1,6
C0HKR2,1
C0HKS1,2
C0HKS3,5
C0HKS5,5
C0HKS6,6
C0HKT1,0
C0HKT2,2
C0HKT3,2
C0HKT4,6
C0HKT5,6
C0HKT6,6
C0HKU0,6
C0HKU1,1
C0HKU2,5
C0HKV8,6
C0HKV9,3
C0HKW2,4
C0HKW7,1
C0HKX3,1
C0HKX4,1
C0HKX8,1
C0HKY0,1
C0HKY1,2
C0HKY6,0
C0HL17,5
C0HL58,0
C0HL59,0
C0HL91,6
C0HL92,6
C0HLG4,0
C0HLS4,6
C0HLZ9,1
C0HM00,1
C0HM54,1
C0HM68,6
C0HMD4,4
C0K3N1,3
C0KYC3,2
C0KYC4,2
C0KYC5,2
C0KYC6,2
C0L2T8,2
C0LRA7,4
C0M7I0,5
C0ME76,5
C0P381,4
C0XTM5,6
C1BJ98,5
C1C7A1,5
C1CE94,5
C1CKH0,5
C1CRK7,5
C1ESL5,2
C1ETN9,5
C1FVW6,5
C1IBZ3,4
C1IC04,4
C1JAR9,6
C1KVI7,5
C3L3J4,5
C3L5S4,2
C3L6X4,5
C3MQ16,3
C3MRE5,3
C3MVD5,3
C3MY41,3
C3MZI0,3
C3N5N4,3
C3N7K2,3
C3NE98,3
C3NFX2,3
C3NHF1,3
C3P8M7,2
C3P9C8,5
C3RT17,1
C3RT18,1
C3RT22,1
C3RT23,1
C3RT24,1
C3TS04,6
C3TS06,6
C3TS08,6
C3VVN5,0
C3VVN6,0
C3Z6E6,1
C4B4E4,6
C4KHB0,3
C4KIR0,3
C4L4N3,5
C4N9P6,1
C4PRC1,4
C4PWC4,0
C4YMJ3,5
C4YNQ5,5
C4YSF6,5
C4Z9Z8,5
C4ZY59,5
C5A2D5,3
C5A7L1,3
C5BVA2,2
C5D4U8,2
C5D5G7,5
C5FBS2,0
C5FEK4,1
C5FGX1,0
C5FRQ0,3
C5FW30,0
C5H0C7,1
C5H0C8,1
C5H0D4,1
C5H0D5,1
C5H0D6,1
C5H0D7,1
C5H0D8,1
C5H0D9,1
C5H0E0,1
C5H0E1,1
C5H0E2,1
C5IB03,1
C5J886,2
C5J887,2
C5J888,0
C5J893,4
C5J8E3,1
C5NSL2,3
C6A2V9,3
C6A3R1,3
C6EVG1,4
C6EVG2,4
C6EVG7,5
C6FX52,2
C6KSX0,2
C6Y4B5,5
C6ZDB5,3
C6ZJQ2,2
C7B247,0
C7C1L2,0
C7DQB9,2
C7DQC0,2
C7DQC1,2
C7DQC2,2
C7DQX6,2
C7DQX8,2
C7DQX9,2
C7DQY0,2
C7GQJ1,2
C7GS61,4
C7LYP7,2
C7NQ99,3
C7NVQ4,3
C7P6N4,3
C7R403,2
C7T184,6
C7T186,6
C7T188,6
C7T1P5,6
C8CK76,6
C8CK77,6
C8CK78,6
C8CK79,6
C8ZGM3,4
C9D7R2,6
C9D7R3,6
C9E1R9,2
C9E1S1,2
C9E1S2,1
C9EIC7,3
C9K4X8,1
C9REN7,3
D0EM77,0
D0KRX1,3
D0KTH0,3
D0PX84,5
D0PX85,5
D0VX09,6
D1BHT9,2
D1FNJ7,1
D1MEI7,3
D1MEJ0,3
D1MEJ1,3
D1MEJ2,4
D1Z199,3
D2DGD3,2
D2DGD8,2
D2DGD9,2
D2IT41,3
D2KX90,6
D2KX91,6
D2KX92,6
D2PDG6,3
D2PK63,3
D2RGT4,3
D2RQX3,3
D2RUI0,3
D2WKD8,6
D2XUU4,1
D2XUU5,1
D2XUU6,1
D2XUU8,1
D2XUU9,1
D2XUV0,1
D2XUV1,1
D2Y100,6
D2Y102,6
D2Y169,3
D2Y170,3
D2Y1X9,5
D2Y1Y0,5
D2Y1Y1,5
D2Y1Y2,5
D2Y1Y3,5
D2Y1Y4,5
D2Y1Y5,5
D2Y1Y6,5
D2Y1Y7,5
D2Y1Y8,5
D2Y1Y9,5
D2Y1Z0,5
D2Y1Z2,5
D2Y1Z4,5
D2Y1Z5,5
D2Y1Z6,5
D2Y1Z7,5
D2Y1Z8,5
D2Y1Z9,5
D2Y200,5
D2Y201,5
D2Y202,5
D2Y203,5
D2Y204,6
D2Y205,6
D2Y209,6
D2Y210,6
D2Y211,6
D2Y212,6
D2Y213,6
D2Y214,6
D2Y215,6
D2Y216,6
D2Y217,6
D2Y218,6
D2Y219,6
D2Y221,6
D2Y222,6
D2Y223,6
D2Y224,6
D2Y225,6
D2Y227,6
D2Y228,6
D2Y229,6
D2Y230,6
D2Y231,6
D2Y232,5
D2Y233,5
D2Y236,5
D2Y237,5
D2Y238,5
D2Y239,5
D2Y240,5
D2Y241,5
D2Y242,5
D2Y243,5
D2Y244,5
D2Y245,5
D2Y246,5
D2Y247,5
D2Y248,5
D2Y249,5
D2Y250,5
D2Y251,5
D2Y252,5
D2Y253,3
D2Y254,3
D2Y255,3
D2Y256,3
D2Y257,3
D2Y258,3
D2Y259,3
D2Y260,3
D2Y261,3
D2Y262,3
D2Y263,3
D2Y265,3
D2Y266,3
D2Y267,3
D2Y269,3
D2Y270,3
D2Y271,3
D2Y273,3
D2Y274,3
D2Y275,3
D2Y276,3
D2Y277,3
D2Y278,3
D2Y279,3
D2Y280,3
D2Y281,3
D2Y283,3
D2Y284,3
D2Y285,3
D2Y286,3
D2Y287,3
D2Y289,3
D2Y290,3
D2Y291,3
D2Y292,3
D2Y293,3
D2Y295,3
D2Y296,3
D2Y297,3
D2Y298,3
D2Y299,3
D2Y2A0,5
D2Y2A1,5
D2Y2A2,5
D2Y2A3,5
D2Y2A4,5
D2Y2A5,5
D2Y2A6,5
D2Y2A7,5
D2Y2A8,5
D2Y2A9,5
D2Y2B0,5
D2Y2B1,5
D2Y2B2,5
D2Y2B3,5
D2Y2B4,5
D2Y2B5,5
D2Y2B6,5
D2Y2B7,5
D2Y2B8,5
D2Y2B9,5
D2Y2C1,5
D2Y2C2,4
D2Y2C4,0
D2Y2C5,2
D2Y2C6,2
D2Y2C7,2
D2Y2C8,2
D2Y2D2,5
D2Y2D4,6
D2Y2D5,6
D2Y2D6,6
D2Y2D7,5
D2Y2D8,5
D2Y2D9,5
D2Y2E8,5
D2Y2E9,5
D2Y2F0,5
D2Y2F1,5
D2Y2F3,4
D2Y2F5,4
D2Y2F6,4
D2Y2F7,4
D2Y2F8,4
D2Y2F9,4
D2Y2G1,4
D2Y2G2,4
D2Y2G3,5
D2Y2G4,5
D2Y2G5,5
D2Y2G6,5
D2Y2G7,5
D2Y2G8,5
D2Y2G9,5
D2Y2H1,5
D2Y2H2,5
D2Y2H3,5
D2Y2H4,5
D2Y2H5,5
D2Y2H6,5
D2Y2H7,5
D2Y2H8,5
D2Y2I0,3
D2Y2I1,3
D2Y2I2,3
D2Y2I3,5
D2Y2I5,5
D2Y2I6,5
D2Y2I9,6
D2Y2J1,6
D2Y2J2,6
D2Y2J3,6
D2Y2J4,6
D2Y2J5,6
D2Y2J8,6
D2Y2J9,6
D2Y2K0,6
D2Y2K1,6
D2Y2K2,6
D2Y2K3,6
D2Y2K4,6
D2Y2K5,6
D2Y2K6,6
D2Y2K7,6
D2Y2K8,6
D2Y2K9,6
D2Y2L0,6
D2Y2L2,6
D2Y2L3,6
D2Y2L5,5
D2Y2M0,5
D2Y2M1,5
D2Y2M2,5
D2Y2M3,5
D2Y2M4,5
D2Y2M5,5
D2Y2M6,5
D2Y2M8,5
D2Y2M9,5
D2Y2N0,5
D2Y2N1,5
D2Y2N2,5
D2Y2N3,5
D2Y2N4,5
D2Y2N5,5
D2Y2N6,5
D2Y2N7,5
D2Y2N9,5
D2Y2P0,5
D2Y2P1,5
D2Y2P2,5
D2Y2P3,3
D2Y2P5,3
D2Y2P6,3
D2Y2P8,3
D2Y2Q1,4
D2Y2Q2,4
D2Y2Q5,4
D2Y2Q6,4
D2Y2Q7,4
D2Y2Q8,4
D2Y2R1,0
D2Y2R4,0
D2Y3T4,3
D2Y3T5,3
D2Y3T6,3
D2Y3T7,3
D2Y492,6
D2Y493,0
D2Y494,0
D2Y498,2
D2Y4A0,2
D2Y4A1,2
D2Y4A2,2
D2YZQ3,3
D3E0A3,3
D3JWK3,2
D3JWK4,2
D3JWK5,2
D3JWK6,2
D3JYA5,1
D3JYA6,1
D3RX66,3
D3S8M7,3
D3SSQ6,3
D3UA80,1
D3VML5,0
D3Z752,1
D3Z7Q2,4
D3ZTT2,5
D4A540,4
D4AIF1,0
D4AIS3,3
D4ALQ5,4
D4AP52,0
D4APX3,3
D4ATC3,2
D4AUH1,4
D4AXU8,3
D4AYQ6,4
D4AZK1,1
D4AZK9,4
D4B2Q8,3
D4B388,5
D4B3I5,3
D4B5D4,0
D4D8U6,1
D4DD24,0
D4DFT3,3
D4G0R3,1
D4GWY0,4
D4GWY2,4
D4GYZ1,3
D4HRK4,2
D4HRK7,2
D4YWD0,1
D4YWD1,1
D5EAS6,3
D5GRW4,1
D5J9S0,5
D5KXG5,2
D5KXG7,4
D5KXG9,4
D5KXH0,6
D5KXH2,4
D5KXH3,5
D5KXH6,4
D5L5Q7,0
D5LGE0,2
D6C4H5,2
D6C4I3,6
D6C4I4,3
D6C4I6,4
D6C4J4,2
D6C4J6,3
D6C4J7,3
D6C4J8,2
D6C4J9,3
D6C4K2,0
D6C4K3,6
D6C4K5,2
D6C4K9,6
D6C4L3,6
D6C4L4,6
D6C4L5,6
D6C4L6,6
D6C4M0,3
D6C4M1,3
D6C4M2,3
D6CFW3,1
D7GXG5,0
D8MIA1,3
D8MIA2,3
D8MIA3,3
D9IWN6,2
D9IWN7,2
D9IX97,5
D9U2A7,2
D9U2B1,1
D9U2B8,0
E0WX65,6
E0Y418,3
E0Y420,3
E0Y421,3
E1AWD2,1
E1AWD4,1
E1AWD5,1
E1AWD6,1
E1AWD7,1
E1AWD8,1
E1AXF5,1
E1AXF6,1
E1AXF9,1
E1B228,1
E1B231,1
E1B240,1
E1B241,1
E1B242,1
E1B243,1
E1B245,1
E1B247,1
E1B248,1
E1UYU0,0
E1ZVK1,1
E1ZVK3,2
E1ZXU8,4
E1ZZF9,0
E2A1R1,1
E2A3M7,5
E2A6P1,2
E2A6Z3,1
E2ADG2,1
E2ADX8,1
E2AFK9,3
E2AIS8,4
E2AJ76,2
E2ARW3,2
E2ASG4,6
E2AX35,2
E2AX75,3
E2AYH6,4
E2AZE8,2
E2DIH5,2
E2DIH6,2
E2E4E4,3
E2E4L2,5
E2S064,5
E3P6S4,6
E3PQQ8,3
E3YBA4,4
E4VP04,3
E4VP07,2
E4VP43,3
E5AJX2,3
E5D3Z8,2
E5KIB6,5
E5L0E3,3
E5L0E4,3
E5L0E5,3
E5L0E6,3
E6ZBE2,1
E7EKC4,1
E7EKC5,1
E7EKD0,1
E7EKD6,1
E7EKE0,1
E7EKE1,1
E7EKH2,1
E7EKH3,1
E7EKH4,1
E7EKH5,1
E7EKH6,1
E7EKH7,1
E7EKI0,1
E7EKI9,1
E7EKJ5,1
E7EKJ6,1
E7EKJ7,1
E7EKM1,1
E7EZ53,1
E8RMD3,0
E8RUP8,0
E8RUP9,0
E9NW26,2
E9NW27,2
E9PV24,0
F0T377,4
F1CJ89,2
F1DFM9,2
F1M928,3
F1MDB2,4
F1N5C8,5
F1NV61,2
F1QQI2,1
F1R4U0,5
F1T149,1
F1T150,1
F1T151,1
F1T153,1
F1T154,1
F1T155,1
F1T156,1
F1T157,1
F2QXM5,1
F4HVZ1,3
F4HZB9,6
F4I082,2
F4IVN9,5
F4JBX1,4
F4JIG1,2
F4JJL0,4
F4JL85,5
F4K6R7,5
F4KB79,5
F5CPE8,5
F5CPF1,6
F6JWU7,0
F6JWU8,0
F6JWU9,0
F6JWV1,0
F6JWV2,0
F6JWV3,0
F6K5S6,0
F6KSI8,5
F7UI84,1
F7UI85,1
F7UI86,1
F7UI87,1
F7UI88,1
F8J2D0,6
F8J2D2,6
F8J4S0,1
F8S0Z7,4
F8S114,3
F8S116,3
F8S122,2
G0LFX8,4
G0LWV9,1
G0R947,2
G0RA32,1
G0RFK8,6
G0RH85,1
G0RUP7,2
G0W2H8,6
G0W2H9,6
G0W2I0,6
G0W2I1,6
G1AS73,6
G1AS77,6
G1AS78,6
G1AS79,6
G1AS80,6
G1AS81,6
G1C1T0,6
G1C1T1,6
G1C1T2,6
G1C1T3,6
G1CWH0,4
G1CWH1,4
G1CWH3,4
G1CWH4,4
G1CWH5,4
G1CWH6,4
G1CWH8,4
G1FE62,0
G1UBC2,5
G1XAA9,4
G3ETQ2,1
G3ETQ3,1
G3F828,1
G3MU46,5
G3X745,0
G3XD43,3
G4MLU0,1
G5CKU5,6
G5EB30,3
G5EEC2,0
G5EFN6,0
G5EGP8,6
G7JV15,3
G7NYP9,1
G8FZS4,1
G8YYA6,0
H2A7G5,0
H2BK78,0
H2BKJ0,0
H2BKS9,0
H2CYR5,2
H2E7Q6,1
H2LID1,4
H3BJG9,5
H7C8I3,2
I0B6F2,1
I0B6F3,1
I0B6F4,1
I0B6F5,1
I0B6G2,1
I0CME7,1
I0CME8,1
I0DEB3,2
I0DEB4,2
I0DEB5,2
I0DEB6,2
I1BVT3,6
I1C4E4,6
I1CFE1,6
I1N462,3
I1RAQ3,3
I1REI8,3
I1S2N3,5
I1VC85,4
I2DBY1,2
I2DBY2,2
I2DBY3,2
I6R1R5,2
I6R1S1,0
I6RA66,4
I6RU51,0
I6S394,4
I6S3A5,0
I6S7G9,4
I6S7H5,0
I7C2V3,1
I7GQA7,6
J3RY93,3
J3RYA3,3
J3S3W5,3
J3S832,3
J3S833,3
J3S835,3
J3SBQ3,3
J3SDW9,3
J3SDX0,3
J7GY56,6
J7H8J4,1
J9VHN6,4
J9VND2,6
J9VPD7,6
J9VPP4,1
J9VS02,2
K1WG73,0
K1XT82,1
K1XVG1,2
K1XW16,3
K4JY29,3
K7LFJ0,5
K7LSB9,5
K7N5K9,3
K7ZGS2,1
K8DWB5,2
K9USW8,2
L0GAZ8,2
L0GB04,6
L0GCJ6,5
L0GCV8,2
L0P323,1
L0P329,1
L0P3K3,1
L0P402,1
L0PIN3,1
L0PJV8,1
M0R8L2,1
M1E1F0,5
M1E1F1,5
M5BGS2,1
M5BGY5,1
M5BHN0,1
M9P2C1,0
M9PQ91,6
O00230,6
O00254,6
O00451,5
O00906,0
O01382,2
O02002,2
O02036,1
O02668,0
O02686,0
O04057,0
O04500,5
O04529,1
O04547,3
O04795,3
O05333,3
O06350,0
O07623,1
O08524,2
O08529,0
O08542,0
O08543,0
O08545,0
O08602,4
O08603,4
O08604,4
O08619,5
O08675,6
O08677,4
O08738,2
O08842,5
O08957,4
O09037,1
O09049,1
O09051,1
O09061,4
O09163,6
O09164,5
O09209,5
O12956,3
O13009,1
O13035,5
O13057,3
O13058,3
O13059,3
O13060,3
O13061,3
O13062,3
O13063,3
O13069,3
O13156,5
O13157,5
O13318,2
O13351,5
O13547,2
O13692,2
O14668,3
O14669,5
O14798,4
O15130,2
O15240,6
O15496,6
O15823,3
O15825,3
O15946,6
O15981,0
O16137,0
O17058,0
O17264,1
O18330,1
O18492,5
O18493,5
O18494,2
O18495,2
O18496,2
O18641,5
O18754,1
O18794,5
O18811,5
O18815,5
O18823,0
O18845,5
O18979,0
O19015,6
O19023,3
O19073,4
O19895,3
O22126,0
O22415,1
O22882,4
O23006,5
O23262,3
O23507,1
O23710,1
O24006,3
O24325,4
O24384,3
O24565,2
O24567,2
O24572,2
O24602,2
O24618,2
O26742,6
O27270,3
O29207,6
O29208,6
O31422,5
O31840,2
O32025,2
O32295,2
O32388,5
O32389,2
O32390,6
O33666,6
O33668,6
O33689,6
O33690,6
O33702,0
O35090,3
O35118,5
O35314,2
O35397,2
O35417,0
O35521,3
O35522,3
O35523,3
O35632,0
O35902,6
O35955,1
O35975,4
O41515,6
O42143,3
O42144,3
O42207,3
O42241,6
O42471,6
O42493,3
O42499,3
O42717,1
O42809,6
O42824,6
O42918,4
O43280,6
O43555,4
O43612,4
O43653,6
O43692,1
O43895,1
O44185,2
O44314,1
O44516,2
O44662,5
O44663,5
O44664,5
O44665,5
O45027,5
O46028,3
O46162,0
O46390,0
O46403,0
O46427,1
O46501,1
O46540,4
O46617,5
O46688,6
O48915,2
O49347,0
O49519,3
O49586,6
O49644,2
O49645,2
O50110,3
O52748,3
O54329,6
O54713,6
O54800,4
O54861,0
O55162,1
O55183,4
O55241,4
O57312,3
O57413,2
O57979,6
O59859,1
O60087,2
O60609,5
O61016,5
O61271,5
O61466,3
O61704,1
O62643,4
O62647,6
O62680,1
O62697,5
O62820,5
O62827,1
O64864,2
O64865,2
O65039,1
O65390,0
O65399,4
O68586,6
O70176,5
O73795,2
O73800,3
O74213,6
O74302,3
O74660,1
O74703,3
O74922,3
O75003,2
O75015,0
O75326,5
O75487,0
O76198,5
O76200,1
O76201,1
O76818,5
O76856,0
O77150,1
O77220,0
O77248,0
O77256,2
O77541,1
O77559,1
O77668,4
O77742,6
O77755,4
O78426,0
O78446,3
O78504,2
O80460,0
O81003,5
O81277,5
O82081,2
O82083,4
O82227,5
O82337,1
O82549,2
O87236,0
O88038,1
O88310,1
O88507,6
O88875,1
O88947,2
O89051,3
O89094,2
O89110,1
O89117,5
O93221,1
O93222,1
O93223,1
O93224,1
O93225,1
O93226,1
O93227,1
O93319,4
O93428,0
O93448,1
O93451,1
O93452,1
O93453,1
O93454,1
O93455,1
O93456,1
O93464,3
O93512,5
O93516,1
O93718,4
O93719,4
O94183,4
O94272,6
O94549,5
O94753,3
O94772,6
O95274,1
O95399,5
O95467,0
O95497,1
O95498,1
O95831,2
O95868,6
O95971,1
O95980,2
O96009,0
O96049,0
O96447,2
O96690,3
O96812,2
O96900,3
O97370,3
O97374,6
O97383,0
O97384,0
O97386,0
O97387,0
O97395,5
O97398,3
O97490,1
O97655,4
O97687,6
O97937,3
O97946,5
O97980,5
O98733,3
O98736,3
P00096,4
P00273,5
P00410,3
P00433,3
P00488,5
P00497,6
P00590,1
P00592,6
P00593,6
P00594,6
P00596,6
P00598,6
P00606,6
P00617,6
P00618,6
P00619,6
P00629,6
P00630,6
P00644,3
P00648,1
P00649,1
P00691,1
P00734,0
P00740,2
P00741,2
P00742,2
P00745,2
P00750,2
P00752,3
P00755,3
P00759,3
P00761,3
P00762,3
P00763,3
P00764,3
P00786,1
P00787,3
P00791,0
P00792,0
P00793,0
P00794,0
P00795,0
P00796,0
P00797,0
P00799,0
P00852,1
P00854,1
P00974,4
P00991,4
P01009,0
P01015,3
P01017,3
P01021,6
P01022,1
P01044,4
P01045,4
P01048,4
P01055,6
P01068,2
P01070,6
P01076,0
P01088,1
P01089,1
P01090,3
P01091,3
P01134,0
P01135,0
P01142,1
P01143,1
P01146,1
P01148,6
P01149,1
P01156,2
P01160,4
P01161,4
P01165,5
P01168,6
P01169,6
P01170,6
P01172,6
P01175,3
P01176,3
P01177,3
P01178,3
P01179,3
P01180,3
P01181,3
P01183,3
P01184,3
P01185,3
P01186,3
P01189,3
P01190,3
P01193,3
P01194,3
P01196,0
P01197,0
P01201,3
P01203,5
P01205,5
P01211,6
P01212,6
P01213,0
P01214,0
P01222,0
P01223,0
P01224,0
P01252,2
P01256,4
P01257,4
P01258,4
P01261,4
P01263,4
P01269,3
P01270,3
P01272,3
P01273,3
P01274,3
P01275,3
P01278,3
P01282,5
P01283,5
P01284,5
P01286,0
P01295,1
P01297,0
P01298,5
P01299,5
P01300,5
P01301,5
P01302,5
P01303,5
P01304,5
P01307,5
P01308,3
P01310,3
P01311,3
P01313,3
P01314,3
P01316,3
P01317,3
P01319,3
P01320,3
P01322,3
P01323,3
P01326,3
P01327,3
P01328,3
P01331,3
P01333,3
P01334,3
P01336,3
P01338,3
P01339,3
P01340,3
P01342,3
P01344,2
P01346,2
P01347,5
P01348,5
P01349,5
P01351,0
P01352,0
P01353,0
P01354,0
P01355,3
P01356,3
P01357,2
P01358,2
P01360,4
P01361,4
P01362,4
P01364,5
P01376,0
P01377,0
P01496,6
P01499,3
P01500,3
P01501,2
P01512,0
P01513,0
P01523,0
P01538,0
P01558,6
P01579,2
P01830,4
P01831,4
P01924,6
P01926,6
P01928,6
P01929,6
P01930,6
P01932,6
P01933,6
P01936,6
P01938,6
P01940,6
P01941,6
P01942,6
P01943,6
P01944,6
P01946,6
P01947,6
P01949,6
P01950,6
P01955,6
P01956,6
P01957,6
P01958,6
P01960,6
P01964,6
P01966,6
P01969,6
P01971,6
P01975,6
P01976,6
P01979,6
P02070,6
P02324,1
P02331,1
P02332,1
P02333,1
P02334,1
P02545,2
P02662,3
P02663,6
P02666,0
P02668,1
P02671,0
P02672,0
P02674,2
P02675,0
P02677,4
P02678,0
P02681,2
P02702,3
P02703,1
P02704,1
P02705,1
P02765,0
P02768,3
P02769,3
P02770,3
P02788,1
P02807,0
P02814,5
P02818,6
P02822,6
P02866,5
P02870,5
P02873,5
P02876,2
P02877,0
P02879,1
P02883,1
P02884,1
P02893,6
P02894,6
P02896,5
P02898,0
P02945,4
P02947,3
P02956,3
P02957,3
P03953,3
P03954,0
P03955,0
P03969,0
P03997,2
P03998,2
P04002,2
P04004,3
P04054,6
P04055,6
P04058,5
P04070,2
P04071,3
P04073,0
P04074,6
P04087,4
P04089,3
P04090,5
P04092,3
P04118,1
P04123,3
P04124,2
P04156,1
P04166,3
P04204,4
P04216,4
P04233,0
P04237,6
P04273,1
P04279,5
P04403,4
P04405,1
P04441,0
P04560,4
P04564,0
P04566,5
P04640,6
P04652,0
P04776,1
P04808,5
P04836,4
P04917,6
P04922,6
P04925,1
P04929,1
P04971,3
P04996,3
P04998,3
P04999,3
P05017,2
P05019,2
P05023,6
P05024,6
P05059,6
P05060,2
P05067,6
P05110,3
P05111,4
P05117,0
P05118,2
P05125,4
P05140,5
P05154,0
P05161,5
P05186,5
P05187,5
P05208,3
P05222,2
P05224,2
P05225,2
P05226,2
P05305,0
P05315,1
P05337,3
P05408,5
P05421,1
P05422,1
P05484,6
P05486,3
P05516,4
P05620,3
P05657,5
P05689,6
P05805,3
P05834,5
P05995,3
P06004,0
P06014,4
P06015,4
P06016,4
P06017,6
P06215,1
P06222,1
P06281,0
P06296,1
P06297,0
P06298,3
P06299,3
P06302,2
P06303,5
P06306,3
P06308,4
P06402,3
P06413,0
P06454,2
P06575,4
P06580,4
P06585,3
P06596,6
P06635,6
P06648,1
P06685,6
P06686,6
P06731,2
P06750,1
P06767,0
P06811,3
P06850,1
P06870,3
P06871,3
P06872,3
P06881,4
P06883,3
P06884,5
P06885,0
P06915,6
P07056,6
P07063,3
P07095,2
P07140,5
P07146,3
P07150,0
P07164,0
P07194,6
P07208,0
P07209,1
P07224,5
P07225,5
P07231,4
P07268,3
P07288,3
P07339,0
P07354,6
P07357,3
P07358,3
P07403,6
P07405,6
P07414,6
P07419,6
P07425,6
P07453,3
P07455,2
P07456,2
P07466,0
P07467,0
P07469,0
P07477,3
P07478,3
P07480,1
P07492,1
P07500,4
P07501,4
P07584,6
P07585,0
P07593,3
P07602,5
P07628,3
P07640,3
P07647,3
P07660,4
P07662,5
P07692,5
P07712,0
P07724,3
P07808,5
P07826,3
P07835,2
P07853,4
P07858,3
P07907,2
P07911,1
P07987,5
P07994,4
P08021,1
P08025,2
P08136,6
P08145,1
P08146,1
P08147,1
P08148,0
P08162,3
P08174,1
P08217,3
P08218,3
P08252,1
P08289,5
P08306,3
P08307,6
P08372,3
P08379,6
P08405,3
P08419,3
P08424,0
P08454,2
P08459,2
P08493,6
P08571,1
P08582,1
P08672,6
P08673,6
P08674,6
P08675,6
P08676,6
P08677,6
P08697,5
P08709,2
P08759,3
P08796,1
P08818,3
P08819,3
P08835,3
P08858,3
P08861,3
P08873,6
P08878,6
P08934,4
P08947,5
P08948,5
P08949,0
P08950,5
P08989,1
P09031,2
P09040,5
P09093,3
P09166,2
P09167,2
P09177,0
P09221,3
P09240,3
P09242,5
P09326,4
P09475,5
P09476,3
P09477,3
P09487,5
P09535,2
P09558,0
P09572,6
P09582,3
P09598,2
P09646,0
P09668,1
P09681,5
P09683,0
P09686,3
P09687,3
P09752,3
P09791,6
P09839,6
P09841,4
P09859,3
P09870,1
P09873,1
P09876,6
P09892,6
P09893,3
P09904,6
P09908,6
P09916,0
P09923,5
P09929,3
P09971,5
P09989,2
P0A1D7,3
P0A1D8,3
P0A310,3
P0A311,3
P0A312,5
P0A313,5
P0A3Z7,0
P0A444,3
P0A446,3
P0A447,3
P0A4M3,3
P0A5P9,3
P0A6G7,3
P0A6G8,3
P0A6G9,3
P0ABF1,6
P0ACE0,6
P0ACE1,6
P0ACE2,6
P0AD68,0
P0AD69,0
P0C075,6
P0C0H8,6
P0C0H9,6
P0C0P5,2
P0C0P6,2
P0C0P7,2
P0C0P8,2
P0C0Q2,4
P0C157,3
P0C158,0
P0C171,3
P0C172,3
P0C174,3
P0C176,3
P0C195,0
P0C1M0,3
P0C1N1,0
P0C1N2,0
P0C1N3,0
P0C1N4,0
P0C1N7,0
P0C1N8,0
P0C1Q7,3
P0C1T5,5
P0C1T6,6
P0C1T7,1
P0C1V5,3
P0C1V6,3
P0C1V9,2
P0C1W0,2
P0C1W3,0
P0C1W5,0
P0C1X1,2
P0C1Y2,2
P0C1Z3,3
P0C201,3
P0C228,0
P0C236,3
P0C249,5
P0C252,2
P0C254,2
P0C255,2
P0C2A6,3
P0C2B0,2
P0C2B1,2
P0C2E5,1
P0C2F3,2
P0C2I4,3
P0C2I8,3
P0C2J2,3
P0C2J4,3
P0C2J6,3
P0C2L5,1
P0C2L6,1
P0C2S6,1
P0C2S8,5
P0C2S9,2
P0C2X7,5
P0C367,0
P0C408,2
P0C409,2
P0C410,2
P0C433,3
P0C434,3
P0C589,1
P0C5B4,3
P0C5F2,1
P0C5W7,1
P0C5X7,5
P0C636,2
P0C637,2
P0C638,2
P0C639,2
P0C640,2
P0C666,2
P0C667,2
P0C668,2
P0C670,2
P0C6E4,2
P0C6E8,2
P0C7S9,2
P0C7T4,3
P0C7W1,1
P0C7W2,1
P0C7W3,1
P0C828,2
P0C829,2
P0C832,6
P0C833,6
P0C834,6
P0C845,6
P0C846,6
P0C847,6
P0C848,6
P0C8A1,0
P0C8A2,0
P0C8A3,0
P0C8A5,3
P0C8A9,0
P0C8D9,4
P0C8E3,4
P0C8P8,2
P0C8P9,2
P0C8R2,2
P0C8S6,5
P0C8U4,2
P0C8U5,0
P0C8U6,2
P0C8U7,2
P0C8U8,2
P0C8U9,2
P0C8V0,2
P0C8V5,6
P0C8V6,6
P0C8V8,6
P0C8V9,6
P0C8W0,0
P0C8W1,2
P0C8W2,2
P0C8W4,1
P0C8X8,1
P0C8X9,0
P0C8Y8,4
P0C901,2
P0C902,6
P0C904,6
P0C905,6
P0C912,0
P0C940,2
P0C954,2
P0C955,2
P0C956,2
P0C957,5
P0C958,5
P0CAQ2,2
P0CAQ3,2
P0CAQ5,2
P0CAQ6,2
P0CAQ7,2
P0CAQ8,2
P0CAQ9,2
P0CAX4,4
P0CAZ2,2
P0CAZ3,2
P0CAZ4,2
P0CAZ5,2
P0CAZ6,2
P0CAZ7,2
P0CAZ8,2
P0CAZ9,2
P0CB07,2
P0CB08,2
P0CB09,6
P0CB11,6
P0CB12,2
P0CB14,2
P0CB20,4
P0CC04,4
P0CC19,6
P0CE24,0
P0CE25,0
P0CE26,0
P0CE27,0
P0CE28,0
P0CE29,0
P0CE30,0
P0CE31,0
P0CE32,0
P0CE33,0
P0CE34,0
P0CE35,0
P0CE73,2
P0CE75,2
P0CE76,2
P0CE79,2
P0CE80,2
P0CE81,2
P0CE82,2
P0CE83,2
P0CF01,3
P0CF15,1
P0CG03,3
P0CG46,4
P0CG54,5
P0CH21,0
P0CH23,0
P0CH24,0
P0CH25,6
P0CH28,5
P0CH39,0
P0CH45,6
P0CH50,2
P0CH56,5
P0CH57,1
P0CH70,5
P0CH90,6
P0CI13,2
P0CI42,1
P0CI49,2
P0CI88,5
P0CI89,0
P0CI90,0
P0CI91,0
P0CI92,0
P0CJ21,6
P0CJ41,3
P0CJ45,1
P0CO54,6
P0CO55,6
P0CP28,4
P0CP76,0
P0CP77,0
P0CS83,5
P0CS93,5
P0CU33,0
P0CU54,6
P0CU55,6
P0CU58,1
P0CU61,1
P0CU62,1
P0CU63,1
P0CU64,1
P0CU65,1
P0CW02,5
P0CW03,5
P0CX18,1
P0CX19,1
P0CX57,3
P0CX58,3
P0CX59,3
P0CX60,3
P0CX61,3
P0CX62,3
P0CX65,3
P0CX66,3
P0CX67,3
P0CX68,3
P0CX69,3
P0CX70,3
P0CX71,3
P0CX72,3
P0CX74,3
P0CX75,3
P0CX80,0
P0CX81,0
P0CY26,5
P0CY27,5
P0CY28,5
P0CY29,5
P0CY50,3
P0CY51,3
P0CY60,6
P0CY61,6
P0CY62,6
P0CY65,6
P0CY66,6
P0CY67,6
P0CY68,6
P0CY69,6
P0CY70,6
P0CY71,6
P0CY72,6
P0CY73,0
P0CY75,2
P0CY76,2
P0CY77,2
P0CY78,2
P0CY80,2
P0CY81,2
P0CY82,2
P0CY83,6
P0CY86,2
P0CZ18,4
P0DE28,5
P0DE29,5
P0DJ02,2
P0DJ03,2
P0DJ06,5
P0DJ08,1
P0DJ36,4
P0DJ38,4
P0DJ39,4
P0DJ41,0
P0DJ64,4
P0DJ65,4
P0DJ67,4
P0DJ68,4
P0DJ70,4
P0DJ72,4
P0DJ75,4
P0DJ76,4
P0DJ79,4
P0DJ80,4
P0DJ81,4
P0DJ82,4
P0DJ84,4
P0DJ85,4
P0DJ95,5
P0DJ96,4
P0DJC7,6
P0DJD7,0
P0DJD8,0
P0DJD9,0
P0DJF5,3
P0DJF6,3
P0DJI8,5
P0DJK0,4
P0DJK1,4
P0DJO3,2
P0DJO4,2
P0DKL3,5
P0DKL8,4
P0DKM1,2
P0DKM3,5
P0DKN0,2
P0DKN1,5
P0DKP4,2
P0DKP6,2
P0DKP8,2
P0DKP9,0
P0DKQ1,0
P0DKQ6,6
P0DKQ7,3
P0DKU2,6
P0DKZ0,4
P0DKZ1,4
P0DL36,0
P0DL37,3
P0DL38,6
P0DL49,6
P0DL50,6
P0DL51,6
P0DL52,6
P0DL53,6
P0DL54,6
P0DL55,3
P0DL56,3
P0DL57,5
P0DL58,5
P0DL71,0
P0DL75,1
P0DM16,4
P0DM17,0
P0DM18,0
P0DM19,0
P0DM20,0
P0DM21,2
P0DM23,2
P0DM24,0
P0DM26,2
P0DM30,1
P0DM55,5
P0DM67,5
P0DM68,5
P0DM69,6
P0DM92,6
P0DMB4,0
P0DMB5,0
P0DMD7,5
P0DME2,0
P0DME4,0
P0DME6,2
P0DME7,2
P0DME8,2
P0DME9,2
P0DMF1,2
P0DMF4,2
P0DMF5,2
P0DMF6,2
P0DMF7,2
P0DMF9,2
P0DMG0,5
P0DMH7,4
P0DMI6,6
P0DMI8,3
P0DMJ0,3
P0DMJ1,4
P0DMQ0,1
P0DMQ2,1
P0DMQ3,1
P0DMQ4,1
P0DMX5,6
P0DMX6,6
P0DMY0,6
P0DMY1,6
P0DMY4,6
P0DMY5,6
P0DMY8,6
P0DMY9,0
P0DMZ0,0
P0DMZ1,6
P0DMZ2,2
P0DMZ3,3
P0DMZ4,3
P0DMZ5,3
P0DMZ8,2
P0DMZ9,2
P0DN01,5
P0DN03,5
P0DN04,5
P0DN06,4
P0DN07,4
P0DN08,4
P0DN09,4
P0DN10,4
P0DN11,4
P0DN13,4
P0DN14,4
P0DN15,4
P0DN17,4
P0DN18,4
P0DN19,4
P0DN29,6
P0DN32,3
P0DN42,3
P0DN43,3
P0DN44,0
P0DN45,0
P0DN46,2
P0DN47,2
P0DN48,1
P0DN49,3
P0DN50,3
P0DN51,3
P0DN53,1
P0DN54,3
P0DN55,1
P0DN56,3
P0DN57,0
P0DN60,3
P0DN65,6
P0DN97,0
P0DN98,5
P0DN99,4
P0DO15,1
P0DO16,1
P0DOA1,0
P0DOZ7,2
P0DP14,5
P0DP47,1
P0DP52,1
P0DP55,5
P0DP56,6
P0DP58,6
P0DP60,6
P0DP62,6
P0DPA6,3
P0DPE6,2
P0DPE7,1
P0DPG6,3
P0DPL8,2
P0DPL9,2
P0DPM0,2
P0DPM1,2
P0DPM4,6
P0DPT2,2
P0DPT7,6
P0DPT9,6
P0DPU4,5
P0DPW9,6
P0DQA3,5
P0DQA4,5
P0DQA5,5
P0DQJ4,2
P0DQL3,1
P0DQL4,1
P0DQL5,1
P0DQL6,1
P0DQL7,1
P0DQL8,1
P0DQL9,1
P0DQM0,1
P0DQM1,0
P0DQM2,0
P0DQM3,0
P0DQM4,0
P0DQM5,3
P0DQP3,2
P0DQP4,2
P0DQP5,1
P0DQR6,2
P0DQR8,3
P0DQS1,0
P0DQT1,0
P0DQX0,0
P0DQX1,0
P0DQX2,0
P0DQY8,1
P0DQY9,1
P0DQZ1,0
P0DQZ4,3
P0DQZ5,3
P0DQZ6,3
P0DQZ8,3
P0DQZ9,3
P0DRB9,5
P0DRC4,5
P0DRC9,6
P0DRD0,2
P0DRD1,2
P0DRD2,2
P0DRD4,2
P0DRD5,2
P0DRH5,2
P0DRH6,2
P0DRH7,2
P0DRH9,2
P0DRI0,2
P0DRI1,2
P0DRI2,5
P0DRI3,2
P0DRI5,4
P0DRI6,3
P0DRI7,6
P0DRJ4,5
P0DRJ8,1
P0DRM4,6
P0DSI4,2
P0DSI5,2
P0DSI6,2
P0DSJ4,2
P0DSJ5,2
P0DSJ8,2
P0DSJ9,2
P0DSK1,2
P0DSK4,2
P0DSK5,6
P0DSK6,6
P0DTJ2,3
P0DTJ3,3
P0DTJ6,0
P0DTJ9,5
P0DTK0,3
P0DTR9,1
P0DTU1,1
P0DTU2,3
P0DTW2,4
P0DUB0,0
P0DUC0,3
P0DUG2,2
P0DUG7,1
P0DUG8,1
P0DUG9,1
P0DUH0,1
P0DUH1,1
P0DUH2,1
P0DUH4,1
P0DUJ5,2
P0DUQ4,2
P0DUQ8,2
P0DUS1,0
P0DUS2,1
P0DUS3,1
P0DUS4,1
P0DUT2,5
P0DUT3,6
P0DUT4,1
P0DUT5,1
P0DUT6,5
P0DUU4,6
P0DUV2,0
P0DV31,3
P0DV32,3
P0DV62,0
P0DV71,2
P0DW17,0
P0DW18,0
P0DW19,0
P0DW20,0
P0DW21,0
P0DW23,0
P0DW25,0
P0DW26,0
P0DW50,4
P0DW72,2
P0DW73,6
P0DW74,6
P0DW75,6
P0DW76,6
P0DW77,6
P0DW78,6
P0DX20,2
P0DX47,1
P0DX48,1
P0DX49,1
P0DX55,1
P0DX61,2
P0DX64,2
P0DXT1,2
P0DXT2,2
P0DXT3,2
P0DXT4,2
P0DXT5,2
P0DXT7,2
P0DXT8,2
P0DXT9,2
P0DXU0,2
P0DXU1,2
P0DXU3,4
P0DXW6,6
P0DXW8,6
P0DXW9,1
P0DXZ6,6
P0DXZ8,2
P0DY00,0
P0DY01,2
P0DY02,2
P0DY04,3
P0DY15,0
P0DY17,2
P0DY19,2
P0DY21,5
P0DY24,3
P0DY25,2
P0DY38,6
P0DY39,6
P0DY42,6
P0DY99,2
P0DYB0,4
P0DYB2,4
P0DYB4,4
P10000,3
P10082,5
P10093,4
P10107,0
P10163,0
P10247,0
P10253,4
P10279,1
P10286,4
P10293,4
P10296,4
P10333,4
P10347,2
P10348,2
P10354,6
P10362,4
P10414,1
P10419,5
P10510,3
P10552,5
P10601,5
P10602,0
P10605,3
P10631,5
P10645,6
P10673,2
P10674,5
P10675,5
P10683,1
P10696,5
P10730,1
P10731,3
P10743,2
P10763,2
P10764,2
P10769,3
P10774,6
P10778,6
P10804,0
P10810,1
P10863,2
P10883,6
P10885,6
P10891,0
P10892,6
P10915,6
P10946,6
P10960,5
P10968,2
P10969,2
P11006,2
P11018,3
P11030,6
P11095,0
P11140,1
P11159,5
P11184,5
P11185,5
P11214,2
P11242,1
P11280,3
P11384,0
P11489,0
P11542,3
P11543,3
P11685,1
P11686,1
P11750,6
P11751,6
P11753,6
P11757,6
P11761,1
P11827,1
P11828,1
P11848,3
P11858,3
P11859,3
P11863,2
P11885,3
P11924,4
P11925,4
P11952,5
P11953,5
P11975,6
P12023,6
P12027,0
P12064,0
P12163,2
P12164,2
P12226,0
P12254,1
P12260,1
P12272,6
P12350,6
P12412,1
P12463,3
P12546,6
P12656,0
P12703,3
P12705,3
P12707,3
P12708,3
P12719,3
P12729,2
P12760,1
P12764,1
P12788,3
P12797,4
P12819,1
P12838,0
P12872,5
P12944,6
P12960,2
P12961,5
P12963,4
P12966,0
P12967,0
P12969,0
P13077,4
P13078,4
P13083,5
P13085,6
P13109,0
P13190,3
P13204,4
P13205,4
P13206,0
P13208,2
P13238,3
P13241,1
P13276,0
P13284,1
P13385,0
P13389,3
P13401,6
P13432,1
P13521,4
P13562,6
P13589,5
P13609,6
P13636,1
P13684,2
P13696,4
P13725,1
P13814,6
P13815,6
P13826,6
P13829,6
P13852,1
P13987,1
P14043,6
P14087,0
P14089,2
P14091,0
P14138,5
P14151,4
P14200,4
P14207,3
P14213,6
P14214,6
P14384,4
P14387,6
P14389,6
P14448,0
P14460,1
P14478,4
P14525,6
P14530,2
P14593,6
P14608,5
P14639,3
P14660,3
P14661,1
P14749,2
P14765,5
P14781,2
P14804,6
P14872,3
P14894,5
P14904,5
P14925,3
P14944,0
P15013,3
P15087,4
P15131,3
P15167,2
P15210,3
P15211,3
P15217,1
P15322,3
P15328,3
P15369,5
P15411,5
P15438,3
P15448,6
P15457,3
P15458,3
P15459,3
P15460,3
P15471,2
P15490,2
P15513,5
P15515,1
P15516,1
P15555,1
P15566,2
P15655,0
P15693,5
P15706,0
P15711,0
P15743,3
P15750,1
P15783,1
P15797,5
P15812,3
P15819,2
P15944,3
P15946,3
P15947,3
P15948,3
P16014,2
P16033,3
P16041,3
P16042,3
P16043,0
P16049,3
P16094,2
P16228,0
P16229,3
P16231,2
P16240,4
P16278,6
P16291,2
P16292,2
P16293,2
P16294,2
P16296,2
P16316,3
P16317,3
P16404,5
P16431,1
P16444,0
P16501,2
P16531,4
P16545,2
P16613,5
P16708,6
P16859,4
P16860,4
P17084,1
P17118,5
P17207,3
P17219,6
P17251,6
P17260,3
P17322,0
P17333,3
P17349,2
P17490,4
P17533,0
P17534,0
P17640,4
P17647,2
P17655,0
P17668,3
P17681,5
P17685,4
P17689,6
P17715,3
P17716,0
P17727,0
P17737,0
P17896,2
P17900,6
P17934,6
P17946,0
P17974,4
P17979,3
P17981,4
P17982,4
P18104,6
P18109,3
P18181,4
P18188,6
P18242,0
P18254,2
P18263,2
P18276,0
P18290,3
P18292,0
P18301,4
P18313,0
P18337,4
P18421,4
P18509,5
P18511,6
P18512,6
P18513,6
P18619,2
P18764,6
P18829,6
P18830,6
P18844,5
P18889,0
P18907,6
P18908,4
P18909,4
P18969,6
P18970,6
P18971,6
P18972,6
P18973,6
P18975,6
P18976,6
P18977,6
P18978,6
P18998,6
P19000,6
P19014,6
P19015,6
P19021,3
P19090,1
P19111,5
P19121,3
P19144,3
P19171,1
P19209,0
P19218,1
P19221,0
P19236,3
P19259,2
P19260,5
P19402,3
P19425,5
P19455,6
P19540,2
P19578,2
P19594,4
P19596,0
P19597,6
P19599,5
P19619,0
P19637,2
P19645,6
P19660,5
P19667,1
P19707,5
P19708,5
P19713,4
P19799,3
P19802,6
P19806,0
P19813,6
P19823,0
P19827,0
P19884,5
P19957,6
P19971,5
P19998,5
P20002,0
P20003,0
P20005,3
P20068,2
P20076,2
P20094,3
P20139,1
P20140,1
P20141,1
P20142,0
P20160,3
P20164,2
P20231,3
P20305,1
P20347,3
P20366,0
P20394,4
P20465,2
P20466,2
P20481,5
P20618,4
P20656,4
P20736,0
P20757,3
P20798,6
P20800,0
P20827,0
P20840,1
P20946,3
P20948,5
P20949,6
P20950,1
P20974,4
P21149,6
P21200,6
P21226,1
P21252,3
P21379,6
P21529,3
P21563,3
P21588,4
P21589,4
P21591,5
P21624,1
P21752,0
P21764,3
P21779,0
P21780,6
P21786,2
P21793,0
P21809,0
P21819,6
P21838,6
P21840,2
P21841,1
P21850,1
P21852,6
P21857,4
P21902,3
P21978,3
P22005,6
P22146,2
P22226,5
P22282,2
P22287,5
P22288,0
P22304,5
P22321,2
P22322,2
P22334,2
P22387,0
P22388,0
P22398,1
P22412,0
P22457,2
P22466,1
P22522,2
P22642,4
P22725,4
P22748,3
P22832,6
P22889,0
P22891,2
P22923,3
P22969,5
P23019,6
P23026,6
P23079,2
P23093,6
P23110,4
P23132,1
P23223,0
P23259,6
P23317,2
P23318,2
P23362,3
P23389,2
P23431,5
P23435,4
P23442,0
P23472,4
P23505,1
P23515,1
P23535,5
P23546,5
P23582,6
P23603,4
P23613,0
P23694,3
P23695,2
P23699,2
P23700,4
P23724,4
P23776,0
P23785,3
P23826,4
P23907,1
P23943,0
P24022,6
P24091,1
P24158,3
P24268,0
P24302,1
P24335,1
P24393,1
P24478,2
P24551,0
P24625,3
P24627,1
P24641,1
P24642,1
P24665,5
P24690,1
P24726,3
P24803,6
P24807,0
P24822,5
P24823,5
P24856,1
P25031,1
P25043,1
P25063,0
P25116,6
P25289,6
P25291,1
P25308,1
P25380,2
P25383,3
P25421,0
P25501,1
P25810,3
P25955,2
P26213,6
P26214,6
P26326,3
P26327,3
P26328,4
P26329,5
P26330,6
P26331,0
P26332,4
P26333,1
P26334,5
P26335,5
P26349,4
P26350,2
P26694,6
P26727,5
P26731,5
P26733,5
P26734,5
P26735,5
P26736,5
P26737,5
P26738,5
P26739,5
P26740,5
P26741,5
P26742,5
P26743,5
P26758,4
P26771,4
P26779,5
P26780,4
P26792,1
P26824,6
P26886,6
P26915,6
P26917,6
P27058,2
P27114,5
P27177,1
P27197,3
P27201,3
P27274,1
P27275,4
P27435,3
P27590,1
P27654,2
P27666,5
P27677,0
P27678,0
P27682,5
P27740,3
P27802,4
P27803,4
P27805,4
P27822,0
P27823,0
P28039,0
P28061,3
P28065,3
P28070,1
P28073,3
P28076,3
P28077,3
P28173,6
P28309,0
P28310,0
P28311,0
P28312,0
P28319,2
P28522,1
P28590,1
P28642,2
P28653,0
P28654,0
P28672,5
P28673,5
P28674,5
P28675,0
P28712,0
P28713,0
P28716,3
P28717,3
P28780,6
P28797,3
P28798,3
P28800,5
P28825,5
P28826,5
P28879,2
P28881,6
P28902,1
P28999,6
P29002,3
P29004,3
P29006,3
P29007,1
P29019,1
P29059,1
P29233,3
P29240,4
P29270,3
P29335,3
P29399,0
P29425,5
P29430,3
P29452,3
P29519,5
P29523,5
P29559,6
P29560,0
P29563,4
P29595,6
P29717,0
P29786,3
P29787,3
P29794,3
P29827,2
P29958,1
P30086,4
P30233,3
P30403,2
P30407,3
P30410,3
P30558,6
P30561,3
P30617,1
P30657,1
P30714,6
P30811,6
P30832,6
P30836,4
P30879,1
P30941,3
P30945,4
P30973,4
P30990,2
P31044,4
P31107,1
P31241,6
P31358,2
P31394,2
P31429,0
P31430,0
P31481,2
P31518,3
P31694,3
P31706,1
P31736,2
P31757,0
P31760,1
P31837,3
P31838,3
P31886,4
P31944,2
P31956,2
P31962,0
P31963,0
P31997,2
P32038,3
P32041,4
P32089,5
P32194,5
P32195,5
P32196,5
P32323,3
P32329,5
P32412,1
P32435,1
P32470,3
P32623,5
P32648,5
P32649,5
P32736,0
P32763,2
P32821,3
P32822,3
P32824,3
P32926,6
P32950,5
P32951,5
P33046,5
P33094,6
P33146,4
P33150,1
P33151,4
P33182,6
P33185,2
P33186,2
P33376,2
P33378,2
P33555,4
P33587,2
P33619,3
P33680,1
P33689,5
P33712,2
P33715,5
P33718,5
P33719,5
P33720,5
P33721,5
P33722,5
P33745,4
P33890,2
P34026,5
P34034,3
P34067,1
P34068,2
P34069,2
P34115,3
P34116,3
P34129,4
P34165,4
P34166,4
P34182,2
P34405,4
P34806,5
P34950,1
P34962,5
P34963,5
P34964,5
P35003,3
P35004,3
P35005,3
P35031,3
P35032,3
P35033,3
P35034,3
P35035,3
P35036,3
P35037,3
P35038,3
P35039,3
P35040,3
P35041,3
P35042,3
P35044,3
P35045,3
P35047,3
P35048,3
P35049,3
P35051,6
P35052,0
P35053,0
P35230,1
P35231,1
P35245,1
P35318,1
P35335,6
P35454,3
P35455,3
P35459,6
P35460,5
P35461,5
P35518,5
P35587,3
P35588,3
P35618,3
P35722,1
P35807,6
P35808,6
P35846,3
P35853,2
P35860,3
P35903,4
P35905,6
P36178,3
P36190,1
P36193,5
P36217,2
P36218,2
P36361,1
P36369,3
P36373,3
P36374,3
P36375,3
P36376,3
P36499,6
P36500,6
P36501,6
P36560,5
P36914,6
P36983,6
P36985,6
P37042,6
P37044,6
P37085,3
P37212,1
P37302,2
P37890,3
P37891,3
P38248,2
P38567,0
P38568,0
P38571,3
P38578,3
P38580,3
P38616,4
P38624,3
P38832,4
P38844,1
P39045,4
P39047,0
P39084,1
P39105,5
P39652,3
P39675,3
P39690,1
P40092,4
P40147,6
P40148,6
P40199,2
P40221,6
P40242,1
P40243,1
P40244,1
P40247,1
P40249,1
P40251,1
P40252,1
P40256,1
P40257,1
P40258,1
P40306,1
P40552,2
P40753,4
P40756,6
P40765,5
P40842,1
P40844,1
P40849,2
P40933,6
P40953,3
P40975,6
P41221,4
P41327,6
P41365,5
P41522,3
P41534,5
P41535,5
P41539,0
P41540,0
P41547,4
P41585,5
P41598,2
P41694,2
P41736,6
P41738,3
P41740,1
P41748,0
P41749,6
P41750,6
P41839,0
P41854,0
P41870,6
P41876,5
P41964,5
P42166,3
P42167,3
P42211,0
P42278,3
P42279,3
P42280,3
P42565,6
P42574,2
P42575,2
P42633,3
P42634,3
P42665,4
P42723,5
P42785,5
P42854,1
P42889,1
P42890,1
P43030,5
P43031,4
P43076,2
P43145,1
P43159,0
P43212,0
P43231,0
P43232,0
P43322,4
P43434,6
P43443,5
P43477,0
P43497,4
P43527,3
P43648,4
P43683,0
P45453,3
P45644,5
P45653,4
P45762,1
P45773,0
P45781,1
P45884,0
P46157,5
P46158,5
P46161,5
P46167,5
P46193,0
P46242,3
P46591,5
P46593,3
P46657,1
P46895,3
P46992,1
P46999,6
P47001,6
P47033,6
P47099,3
P47178,2
P47212,1
P47476,5
P47710,3
P47749,6
P47777,1
P47797,3
P47851,1
P47852,1
P47932,5
P47969,6
P48030,0
P48068,1
P48092,6
P48097,5
P48098,5
P48143,5
P48144,5
P48183,3
P48187,0
P48188,2
P48283,3
P48284,3
P48299,5
P48346,6
P48503,5
P48645,1
P48678,2
P48679,2
P48733,1
P48756,5
P48757,0
P48798,0
P48800,0
P48827,3
P48845,3
P49012,3
P49046,4
P49064,3
P49112,0
P49126,5
P49127,6
P49188,1
P49192,6
P49275,3
P49276,3
P49291,0
P49369,0
P49457,1
P49460,3
P49472,0
P49513,2
P49616,3
P49662,3
P49794,4
P49822,3
P49862,3
P49913,5
P49926,1
P49927,1
P49928,5
P49929,5
P49930,5
P49931,5
P49932,5
P49933,5
P49934,5
P49935,1
P49983,1
P50144,3
P50145,3
P50155,3
P50325,6
P50343,3
P50496,5
P50497,5
P50498,5
P50499,5
P50593,0
P50622,3
P50704,0
P50705,0
P50706,0
P50707,0
P50708,0
P50709,0
P50711,0
P50712,0
P50714,0
P50715,0
P50725,0
P50982,2
P50983,0
P50985,2
P50993,6
P50997,6
P51212,3
P51317,2
P51356,0
P51437,5
P51446,1
P51447,1
P51453,5
P51454,5
P51455,5
P51456,5
P51457,2
P51459,2
P51460,3
P51461,3
P51462,2
P51463,3
P51524,5
P51588,3
P51641,6
P51654,5
P51655,0
P51662,0
P51693,6
P51694,5
P51740,5
P51780,1
P51865,0
P51917,4
P51918,6
P51919,6
P51924,6
P52113,1
P52114,1
P52115,0
P52211,6
P52212,3
P52307,4
P52400,5
P52401,5
P52402,5
P52403,1
P52404,1
P52405,1
P52407,5
P52700,5
P52711,3
P52718,5
P52719,5
P52754,6
P52793,0
P52794,0
P52797,0
P52798,0
P52801,0
P52802,0
P52803,0
P52804,0
P52823,4
P52826,1
P52905,3
P52961,4
P53007,5
P53140,5
P53219,6
P53301,4
P53334,3
P53346,1
P53366,1
P53379,5
P53601,6
P53626,1
P53813,5
P54097,2
P54197,3
P54228,5
P54229,5
P54230,5
P54422,5
P54615,6
P54624,3
P54625,3
P54627,3
P54629,3
P54630,3
P54660,4
P54684,6
P54796,3
P54826,0
P54828,0
P54877,1
P54958,6
P55085,6
P55086,6
P55089,1
P55090,1
P55091,3
P55095,3
P55099,3
P55152,1
P55206,6
P55207,6
P55210,2
P55212,2
P55213,2
P55214,2
P55215,2
P55244,0
P55246,4
P55247,6
P55259,1
P55280,4
P55284,4
P55285,4
P55286,4
P55287,4
P55288,4
P55289,4
P55290,1
P55291,4
P55314,3
P55319,6
P55325,0
P55330,2
P55748,3
P55790,2
P55806,4
P55807,4
P55854,5
P55865,3
P55867,3
P55939,2
P55956,0
P55963,2
P56159,5
P56161,5
P56174,0
P56249,1
P56254,6
P56283,6
P56318,3
P56348,2
P56386,5
P56388,6
P56425,5
P56469,6
P56488,6
P56529,0
P56568,5
P56626,2
P56636,2
P56638,2
P56639,2
P56640,2
P56652,0
P56688,0
P56708,6
P56711,6
P56712,6
P56713,6
P56714,6
P56717,4
P56778,0
P56782,2
P56817,4
P56818,4
P56819,4
P56943,4
P56973,2
P56974,4
P57039,3
P57672,4
P57719,4
P57774,5
P58073,6
P58273,2
P58440,1
P58443,1
P58454,6
P58455,6
P58457,6
P58514,3
P58519,3
P58560,2
P58583,2
P58599,4
P58604,0
P58806,4
P58808,2
P58809,2
P58811,2
P58844,6
P58846,0
P58906,5
P58916,6
P58925,0
P58930,1
P59018,6
P59082,5
P59097,5
P59261,2
P59262,2
P59359,6
P59406,2
P59665,0
P59666,0
P59833,0
P59888,6
P59906,2
P59914,2
P60016,0
P60022,5
P60023,5
P60030,0
P60031,0
P60032,0
P60041,6
P60042,6
P60207,0
P60242,6
P60243,6
P60252,1
P60253,1
P60274,2
P60523,6
P60529,6
P60530,6
P60590,5
P60761,1
P60976,6
P60980,5
P61103,5
P61104,5
P61116,4
P61149,0
P61261,5
P61262,5
P61263,5
P61278,6
P61279,6
P61282,6
P61312,4
P61364,1
P61365,1
P61366,1
P61409,5
P61516,0
P61761,1
P61762,1
P61766,1
P61767,1
P61768,1
P61849,5
P61855,6
P61914,3
P61915,3
P62177,1
P62178,1
P62179,1
P62180,1
P62181,1
P62182,1
P62530,5
P62531,5
P62544,3
P62546,3
P62547,3
P62548,3
P62549,3
P62568,3
P62570,6
P62571,6
P62804,0
P62926,4
P62928,4
P62929,4
P62931,4
P63105,6
P63106,6
P63109,6
P63111,6
P63112,6
P63152,1
P63153,1
P63181,1
P63182,4
P63186,5
P63292,0
P63298,0
P65830,6
P65831,6
P66125,5
P66126,5
P66133,5
P66134,5
P66135,5
P66136,5
P66137,5
P66139,5
P67815,6
P67816,6
P67818,6
P67861,3
P67863,3
P67885,6
P67886,6
P67934,3
P67968,3
P67969,3
P67970,3
P67971,3
P67974,3
P67986,1
P67987,1
P67988,1
P67989,1
P67990,1
P67991,1
P67992,1
P67993,1
P67994,1
P67995,1
P67996,1
P67997,1
P68000,0
P68001,0
P68004,5
P68005,5
P68213,1
P68235,6
P68237,6
P68243,3
P68248,5
P68259,3
P68407,2
P68408,2
P68409,2
P68421,6
P68425,4
P68426,5
P68577,2
P68827,5
P68871,6
P68987,3
P68988,3
P68989,3
P68990,3
P68991,3
P68992,3
P69014,1
P69015,1
P69016,0
P69019,1
P69020,0
P69021,1
P69031,1
P69045,3
P69046,3
P69047,3
P69048,3
P69051,4
P69052,4
P69107,4
P69108,4
P69156,4
P69157,4
P69192,6
P69193,6
P69327,6
P69328,6
P69437,6
P69498,2
P69499,2
P69500,2
P69501,2
P69550,3
P69551,3
P69556,3
P69557,3
P69560,3
P69561,3
P69563,3
P69564,3
P69657,2
P69658,2
P69693,2
P69694,2
P69748,6
P69749,6
P69750,6
P69751,6
P69753,6
P69754,6
P69757,6
P69758,6
P69760,6
P69761,6
P69763,6
P69764,2
P69765,2
P69766,2
P69768,2
P69769,0
P69770,2
P69905,6
P69906,6
P69907,6
P69928,6
P69929,2
P69930,6
P69939,2
P69940,2
P70074,6
P70107,1
P70160,4
P70180,1
P70195,1
P70269,0
P70296,4
P70343,3
P70375,2
P70408,4
P70458,0
P70664,1
P70668,1
P70677,2
P71001,1
P72507,6
P74765,3
P75458,5
P77935,6
P78722,3
P79076,5
P79110,5
P79141,1
P79307,6
P79357,0
P79362,5
P79695,3
P79727,0
P79728,0
P79799,5
P79874,1
P79875,1
P79876,1
P79897,1
P79995,4
P80015,3
P80090,6
P80196,0
P80209,0
P80214,6
P80282,1
P80344,3
P80345,3
P80398,1
P80399,1
P80470,0
P80511,3
P80569,3
P80571,1
P80696,6
P80703,0
P80708,3
P80710,5
P80713,5
P80734,5
P80735,5
P80957,5
P80966,6
P81025,3
P81043,6
P81071,6
P81191,5
P81264,1
P81277,1
P81278,1
P81322,0
P81323,2
P81335,3
P81363,0
P81401,5
P81423,3
P81428,2
P81446,1
P81453,4
P81485,1
P81486,1
P81488,1
P81490,1
P81497,0
P81498,0
P81564,4
P81565,1
P81592,5
P81602,0
P81603,0
P81615,1
P81694,0
P81695,3
P81755,2
P81791,2
P81793,1
P81809,0
P81829,4
P81840,0
P81847,6
P81851,0
P81872,1
P81880,3
P81881,3
P81941,2
P82003,1
P82018,5
P82050,0
P82102,6
P82103,6
P82106,0
P82268,1
P82269,1
P82270,0
P82271,0
P82284,6
P82286,3
P82319,0
P82320,0
P82357,1
P82389,1
P82390,1
P82391,0
P82396,0
P82465,1
P82683,1
P82701,2
P82705,1
P82706,1
P82807,2
P82851,0
P82951,0
P82993,3
P83055,4
P83056,4
P83057,4
P83059,4
P83060,4
P83080,3
P83081,3
P83083,3
P83084,3
P83211,5
P83253,1
P83264,1
P83265,1
P83288,0
P83303,5
P83370,2
P83394,4
P83396,4
P83403,2
P83412,5
P83455,1
P83493,0
P83495,0
P83512,2
P83518,3
P83560,3
P83562,1
P83615,0
P83659,4
P83719,1
P83748,3
P83755,3
P83756,3
P83770,3
P83856,0
P83857,1
P83859,1
P83860,1
P83862,1
P83915,6
P83919,0
P83962,4
P83964,4
P83974,5
P84190,3
P84213,5
P84276,1
P84348,6
P84349,6
P84350,6
P84377,3
P84378,3
P84380,3
P84408,5
P84451,4
P84527,3
P84567,1
P84572,1
P84596,1
P84597,1
P84697,4
P84698,1
P84704,3
P84707,3
P84715,6
P84757,1
P84808,5
P84845,2
P84899,1
P84900,1
P85013,2
P85021,0
P85025,0
P85029,4
P85030,4
P85070,1
P85071,1
P85079,2
P85162,1
P85163,1
P85171,0
P85247,2
P85253,2
P85254,2
P85255,2
P85256,2
P85257,2
P85258,2
P85259,2
P85261,3
P85421,1
P85527,5
P85797,1
P85798,1
P85799,1
P85804,0
P85818,1
P85826,3
P85828,1
P85829,2
P85830,3
P85831,2
P85832,2
P85881,1
P85882,1
P85883,1
P85886,2
P85966,2
P86013,2
P86037,1
P86038,1
P86039,1
P86040,1
P86047,2
P86110,4
P86155,1
P86156,4
P86157,4
P86185,1
P86186,1
P86188,1
P86189,1
P86259,0
P86262,0
P86400,3
P86401,3
P86435,6
P86442,5
P86444,6
P86445,6
P86471,0
P86476,1
P86483,0
P86521,2
P86546,6
P86547,6
P86716,4
P86717,4
P86720,1
P86821,0
P86822,1
P86825,3
P86826,4
P86828,5
P86841,4
P86842,4
P86899,4
P86994,0
P87252,6
P87352,3
P87384,6
P87385,6
P89116,2
P91793,0
P91797,2
P91889,6
P91896,5
P91963,3
P91964,3
P93248,5
P93328,5
P93395,3
P93543,1
P94416,1
P94664,4
P94853,4
P95316,4
P95317,4
P95318,4
P96787,4
P97279,0
P97280,0
P97291,4
P97297,1
P97467,3
P97553,0
P97574,4
P97604,6
P97605,0
P97636,4
P97740,0
P97766,2
P97785,5
P97864,2
P98131,4
P98135,0
P98136,3
P98139,2
P99026,1
P99164,6
P9WEM9,3
P9WEN0,3
P9WEN1,3
P9WEN2,3
P9WEN3,3
P9WEW5,0
P9WHQ6,6
P9WHQ7,6
P9WIN6,3
P9WIN7,3
P9WK08,0
P9WK09,0
Q00046,3
Q00050,1
Q00363,1
Q00410,3
Q00446,6
Q00493,4
Q00499,4
Q00518,1
Q00652,3
Q00663,5
Q00676,5
Q00689,0
Q00783,2
Q00829,2
Q00871,3
Q00945,3
Q00948,4
Q00991,6
Q01129,0
Q01133,5
Q01284,3
Q01301,6
Q01366,3
Q01413,5
Q01416,5
Q01493,6
Q01524,0
Q01580,6
Q01589,6
Q01594,0
Q01662,6
Q01721,0
Q01758,5
Q01819,1
Q01889,4
Q01MB6,2
Q02307,1
Q02747,1
Q02844,3
Q02ZA6,5
Q03023,3
Q03029,2
Q03091,1
Q03157,6
Q03168,0
Q03178,6
Q03180,6
Q03198,2
Q03199,2
Q03464,4
Q03467,5
Q03515,4
Q03517,4
Q03561,2
Q03643,5
Q03644,5
Q03645,5
Q03646,5
Q03655,2
Q03674,5
Q03699,0
Q03856,3
Q03877,4
Q03994,5
Q03FZ9,5
Q03M32,5
Q04215,3
Q04469,2
Q04617,3
Q04618,3
Q04620,6
Q04706,3
Q04940,1
Q04951,3
Q04997,4
Q04KI2,5
Q05028,4
Q05031,0
Q05164,1
Q05538,1
Q05685,3
Q05744,0
Q05777,4
Q058G9,5
Q05915,0
Q05927,4
Q06031,0
Q06033,0
Q06076,1
Q06077,1
Q06084,6
Q06135,2
Q06141,1
Q06145,5
Q06175,6
Q06186,6
Q06203,6
Q06303,2
Q06304,2
Q06305,2
Q06306,2
Q06478,0
Q06601,3
Q06602,3
Q06AV4,3
Q06B79,1
Q06FW0,0
Q06FX8,2
Q06FY1,3
Q06GR4,0
Q06GS7,2
Q06GT0,3
Q06H01,0
Q06H14,2
Q06H17,3
Q06J16,2
Q06RE8,2
Q06RF1,3
Q06SD2,3
Q06SD3,2
Q06ZW0,3
Q07009,0
Q07053,5
Q07121,6
Q07123,6
Q07162,3
Q07212,4
Q07276,3
Q07295,3
Q072L5,2
Q072L6,3
Q072L7,3
Q07334,0
Q07338,6
Q07425,3
Q07488,2
Q07662,3
Q07663,3
Q07929,4
Q07932,2
Q07943,3
Q07981,6
Q07988,5
Q08108,5
Q08121,0
Q08169,3
Q08193,2
Q08264,4
Q08271,2
Q08279,2
Q08406,6
Q08535,0
Q08676,2
Q08761,5
Q08890,5
Q08906,5
Q08907,5
Q08DA1,6
Q08DJ5,4
Q08DY9,2
Q09118,6
Q09169,5
Q09175,5
Q09367,4
Q09553,6
Q09626,0
Q09628,0
Q09841,1
Q09982,5
Q09FY1,3
Q09G66,3
Q09JK2,5
Q09MJ5,2
Q09MJ8,3
Q09PK2,0
Q09T02,0
Q09X21,0
Q09X34,2
Q09X37,3
Q0AWJ2,5
Q0C7P6,1
Q0CMU3,6
Q0DAS9,4
Q0EAE5,5
Q0G9M3,0
Q0G9N6,2
Q0G9N9,3
Q0G9X9,2
Q0G9Y2,3
Q0GY43,1
Q0GY44,2
Q0GY45,1
Q0GY46,2
Q0H293,5
Q0H8Y6,1
Q0I7J2,3
Q0I912,3
Q0IDF4,2
Q0II73,2
Q0IU52,1
Q0IUL4,5
Q0JF21,2
Q0MWV8,5
Q0N4U3,6
Q0N4U4,6
Q0N4U5,6
Q0N4U6,6
Q0N4U7,6
Q0N4U8,6
Q0NZX5,2
Q0P3J1,3
Q0P3J6,2
Q0P3Q1,0
Q0PMG2,0
Q0SR53,5
Q0SRD5,2
Q0THN1,5
Q0TNI4,5
Q0TNR9,2
Q0TU55,1
Q0VBW8,1
Q0VC44,1
Q0VCM5,0
Q0VDG4,4
Q0VGU4,6
Q0VKG8,1
Q0VKG9,1
Q0VTT8,1
Q0VTT9,1
Q0VTU0,1
Q0VZ38,1
Q0VZ39,1
Q0VZ40,1
Q0VZ41,1
Q0W2D6,3
Q0WYX8,0
Q0ZA50,6
Q0ZJ24,0
Q0ZJ37,2
Q0ZJ40,3
Q10416,5
Q10464,6
Q10589,0
Q10735,1
Q10998,4
Q10JL1,5
Q10VK7,3
Q10XU6,2
Q11000,1
Q11001,1
Q11137,3
Q11A00,3
Q12039,2
Q12062,1
Q12085,3
Q12120,2
Q12127,4
Q12173,2
Q12217,3
Q12218,2
Q12260,3
Q12282,4
Q12293,3
Q12303,5
Q12355,2
Q12391,3
Q12392,3
Q12408,4
Q12439,3
Q12441,3
Q12470,3
Q12554,6
Q12567,0
Q12628,0
Q12708,6
Q12737,2
Q12891,0
Q12YV7,3
Q13421,4
Q13449,0
Q13508,0
Q13519,6
Q13634,4
Q13822,0
Q14002,2
Q14116,4
Q14210,6
Q14242,0
Q14624,0
Q14641,5
Q14790,1
Q148C3,6
Q14982,0
Q14BU0,5
Q14BX2,3
Q14FH4,2
Q14FJ4,2
Q15661,3
Q15726,5
Q15843,6
Q16553,6
Q16568,6
Q16651,3
Q16661,1
Q16819,5
Q16820,5
Q16992,2
Q16994,5
Q16998,6
Q16RI5,5
Q17004,3
Q17025,3
Q17027,0
Q17093,6
Q17192,5
Q17194,5
Q17196,5
Q17313,1
Q17AN4,0
Q17QK3,0
Q17QS0,4
Q17QV3,5
Q17RY6,6
Q17UY8,1
Q17UY9,1
Q17UZ0,1
Q18060,3
Q18184,5
Q18234,5
Q18502,2
Q18806,1
Q18B22,5
Q18DC8,0
Q18DC9,0
Q18DH8,4
Q18GX3,3
Q19165,3
Q19AZ8,0
Q19VC4,3
Q1A3Q1,2
Q1A3Q2,2
Q1A3Q6,2
Q1A3Q7,2
Q1A3Q8,2
Q1A3Q9,2
Q1A3R0,2
Q1ACJ6,0
Q1ACL6,2
Q1ACM1,3
Q1C5C7,5
Q1CKL2,5
Q1EAR5,3
Q1EJP4,1
Q1EJP5,1
Q1ELT9,2
Q1ELU2,2
Q1ELU3,2
Q1ELU4,5
Q1ELU5,5
Q1ELU7,5
Q1ELU8,5
Q1ELV0,2
Q1EN11,1
Q1EN12,1
Q1EN13,1
Q1EN14,1
Q1EN15,1
Q1G2Y5,4
Q1G3I0,2
Q1HA14,1
Q1HA20,1
Q1HAY5,6
Q1I8U1,2
Q1JPW9,5
Q1JS87,1
Q1JS88,1
Q1JS89,1
Q1JS90,1
Q1JS91,1
Q1JS92,1
Q1JS93,1
Q1JS94,1
Q1KLR6,4
Q1KLX1,5
Q1KLX2,5
Q1KLX3,5
Q1KLX4,5
Q1KLX5,5
Q1KLX6,5
Q1KLX7,5
Q1KLX8,5
Q1KLY0,5
Q1KLY2,5
Q1KLY3,5
Q1KLY4,5
Q1KLY5,5
Q1KLY6,5
Q1KLY7,5
Q1KLY8,5
Q1KVU8,3
Q1KVV2,2
Q1KXW3,0
Q1KXX6,2
Q1KXX9,3
Q1L658,2
Q1L659,2
Q1L777,2
Q1LW01,6
Q1MX22,6
Q1PBD1,2
Q1PFD8,5
Q1RF98,3
Q1RMQ4,6
Q1W694,2
Q1W695,2
Q1XDH0,2
Q1XDS5,3
Q1ZXQ9,6
Q1ZYW0,3
Q1ZYW1,3
Q20EY3,2
Q21156,0
Q22396,3
Q23212,4
Q23430,0
Q23755,3
Q23756,3
Q23757,6
Q23892,0
Q24049,2
Q24114,0
Q24238,5
Q24395,6
Q25060,6
Q25077,1
Q253E5,4
Q25413,5
Q25461,4
Q25588,0
Q25589,0
Q25683,0
Q26324,6
Q26431,0
Q26443,6
Q26474,3
Q27081,3
Q27173,5
Q27174,5
Q27180,6
Q27181,5
Q27182,0
Q27289,3
Q27441,2
Q27673,0
Q27677,5
Q27709,0
Q27913,1
Q27971,0
Q27IM2,3
Q27J47,3
Q27J48,2
Q27J49,6
Q27Q53,0
Q27Q54,2
Q28028,6
Q28106,2
Q28153,3
Q28198,2
Q28207,0
Q28216,1
Q28278,2
Q28315,2
Q28358,1
Q28376,0
Q28380,2
Q28381,6
Q28409,6
Q28522,3
Q28588,6
Q28661,2
Q28680,1
Q28768,4
Q28773,3
Q28785,1
Q28888,0
Q28896,2
Q28HK1,5
Q29075,4
Q29100,4
Q29125,6
Q29191,1
Q29384,1
Q29393,0
Q29451,4
Q29461,3
Q29463,3
Q29486,5
Q295C6,5
Q295T3,3
Q299B0,4
Q29B55,5
Q29CA0,1
Q29IM7,4
Q29KK2,1
Q29PU4,0
Q29RS5,4
Q29W19,5
Q2EI26,2
Q2F9P2,2
Q2F9P4,2
Q2FG82,5
Q2FHV0,0
Q2FQL8,3
Q2FUW9,5
Q2FXT0,5
Q2FZL2,4
Q2GVL1,6
Q2HIM9,3
Q2HJ40,4
Q2HJA4,6
Q2HY54,1
Q2HYY9,5
Q2I2P1,0
Q2I2P2,0
Q2I2P4,0
Q2I2Q1,0
Q2I2Q3,0
Q2I2Q4,0
Q2I2Q5,0
Q2I2Q6,6
Q2I2R0,6
Q2I2R1,6
Q2I2R2,6
Q2I2R3,6
Q2I2R4,6
Q2I2R6,2
Q2I2R7,2
Q2I2R8,2
Q2IAL6,5
Q2IAL7,5
Q2JP67,3
Q2JTJ2,3
Q2JTM8,3
Q2KHV4,1
Q2KJI7,5
Q2L8Z0,2
Q2L901,0
Q2LC47,3
Q2LC49,4
Q2LGZ2,6
Q2LKX9,0
Q2M591,0
Q2MIA4,0
Q2MIB7,2
Q2MIC0,3
Q2MIJ1,0
Q2MIK4,2
Q2NI68,3
Q2NIJ9,5
Q2PE59,6
Q2PE60,6
Q2PE70,6
Q2PFV2,2
Q2PMS6,2
Q2QA04,3
Q2QBT0,6
Q2QD93,0
Q2QDA8,3
Q2QXY1,1
Q2RAP0,1
Q2RQ23,2
Q2SS74,5
Q2T9U8,0
Q2TA14,5
Q2TBP0,1
Q2TBX6,4
Q2UHL4,6
Q2UIE6,0
Q2UUZ1,1
Q2UXR1,1
Q2UXR2,1
Q2UXR4,1
Q2UXV8,1
Q2UXV9,1
Q2UXW0,1
Q2V2G5,2
Q2V2Q2,1
Q2V4E2,6
Q2VEI0,0
Q2VEJ3,2
Q2VEJ6,3
Q2VF17,6
Q2VL88,3
Q2WCN5,1
Q2WCN6,1
Q2WCN7,1
Q2XQ09,2
Q2YT85,5
Q2YX94,0
Q30KK1,0
Q30KK9,3
Q31CR0,2
Q32389,3
Q32KM8,4
Q32L79,3
Q32LD3,2
Q32PB3,6
Q32RM3,3
Q32RM6,0
Q32RP3,2
Q32RW6,2
Q32ZI4,5
Q33282,3
Q332Y2,0
Q33C56,2
Q36258,1
Q36835,1
Q36918,1
Q39131,5
Q39785,1
Q39799,1
Q39837,4
Q39962,5
Q3AKT2,3
Q3AM89,3
Q3AV15,3
Q3AYB8,3
Q3B7N0,1
Q3B8P0,1
Q3BAQ9,2
Q3BER1,1
Q3BER2,1
Q3BER3,1
Q3BER4,1
Q3BK13,1
Q3BK14,1
Q3BK16,1
Q3C1G0,2
Q3C1G3,3
Q3C255,5
Q3C256,5
Q3C2C1,6
Q3E6R4,1
Q3E880,2
Q3E9I4,3
Q3ECJ5,3
Q3ECM0,2
Q3ECU1,0
Q3EDH8,3
Q3EDI6,1
Q3IPX1,3
Q3KLQ7,4
Q3KPV7,1
Q3L180,0
Q3M4K0,2
Q3MAB1,3
Q3MB78,3
Q3MCT0,3
Q3MHN0,3
Q3SAE5,3
Q3SAE6,3
Q3SAE7,3
Q3SAE8,3
Q3SAE9,3
Q3SAF1,3
Q3SAF2,3
Q3SAF3,3
Q3SAF7,3
Q3SAX8,3
Q3SB03,5
Q3SB04,5
Q3SB05,5
Q3SB06,5
Q3SB07,5
Q3SWX5,4
Q3SYP2,3
Q3SZC2,3
Q3SZM7,0
Q3T0A3,3
Q3T0I2,1
Q3T0P5,2
Q3T0P7,3
Q3T0T1,1
Q3T108,1
Q3TMH2,4
Q3U435,0
Q3UKY7,3
Q3V538,0
Q3V554,3
Q3Y5G8,6
Q3YED1,6
Q3YED3,0
Q3YED5,6
Q3YED6,6
Q3YED8,6
Q3YEE2,6
Q3YEE3,6
Q3YEE4,6
Q3YEE6,6
Q3YEE9,2
Q3YEF0,0
Q3YEF1,6
Q3YEF4,6
Q3YEF8,6
Q3YEG0,6
Q3YEG3,6
Q3YEG4,6
Q3YEG7,6
Q3YEG9,2
Q3YEH0,2
Q3YEH1,2
Q3YEH2,2
Q3YEH4,2
Q3YEH5,2
Q3YEH6,2
Q3YEH7,2
Q3YIX4,4
Q3ZC64,0
Q3ZD69,2
Q3ZJ18,2
Q3ZT29,4
Q40987,5
Q41065,6
Q41066,6
Q41114,5
Q41142,2
Q41233,0
Q41358,1
Q41433,3
Q41480,3
Q42456,0
Q42460,5
Q43007,2
Q43645,3
Q43646,3
Q43667,1
Q46G14,3
Q46HA2,2
Q46JV2,3
Q48314,4
Q48315,4
Q48501,5
Q48509,6
Q496H8,3
Q499T2,1
Q49L02,0
Q49L15,2
Q49L18,3
Q49Y83,5
Q4FFN5,0
Q4G3C7,2
Q4G3F2,3
Q4GWU5,2
Q4JAA8,3
Q4JAY3,3
Q4JEI2,0
Q4KM35,1
Q4L6Z1,5
Q4LAL9,0
Q4PLJ0,6
Q4PSX1,4
Q4PSZ8,5
Q4QXT8,1
Q4QXT9,2
Q4R128,3
Q4R1C4,4
Q4R4M3,4
Q4R4S5,3
Q4R540,3
Q4R5E9,4
Q4R5M2,3
Q4R5M8,6
Q4R7M2,0
Q4U0U2,6
Q4U9M9,0
Q4V3D2,2
Q4V4I9,3
Q4VZQ0,2
Q4WD22,4
Q4WDN4,3
Q4WEP7,3
Q4WFV6,5
Q4WG16,1
Q4WI46,5
Q4WLB9,0
Q4WNE1,3
Q4WNS8,4
Q4WNV0,1
Q4WQT2,6
Q4WR80,6
Q4WUK7,6
Q4X084,0
Q4X136,4
Q4Z4D2,3
Q4ZFU1,2
Q4ZFU2,2
Q501W4,4
Q51822,2
Q51825,2
Q51826,2
Q51827,2
Q51MW4,6
Q52085,3
Q52FS9,4
Q52K95,6
Q52R90,0
Q53446,3
Q53I06,5
Q548P6,4
Q54957,6
Q54EQ7,5
Q54GU3,6
Q54IM7,0
Q54LC0,4
Q54LC1,4
Q54LC3,4
Q54LH6,1
Q54LM2,2
Q54M25,4
Q54N81,3
Q54QR2,1
Q54SJ8,4
Q54T57,1
Q553T1,4
Q55621,6
Q55GJ6,3
Q55U20,6
Q566V9,4
Q56P17,2
Q56VR3,2
Q571V3,1
Q571V4,1
Q571V6,1
Q57SB5,3
Q58301,4
Q58302,4
Q58303,4
Q58634,3
Q58864,6
Q589B1,2
Q58CQ9,1
Q58D55,6
Q58D68,5
Q58D85,6
Q58L93,2
Q58L94,2
Q58L95,2
Q58L96,2
Q58T39,3
Q58T40,3
Q58T41,3
Q58T42,3
Q58T43,3
Q58T44,3
Q58T45,3
Q58T46,3
Q58T48,3
Q58T49,3
Q58T52,3
Q58T56,3
Q58T58,3
Q58T59,3
Q58T61,3
Q58T62,3
Q58T64,3
Q58T65,3
Q58T68,3
Q58T69,3
Q58T70,3
Q58T74,3
Q58T77,3
Q58T79,3
Q58T83,3
Q58T86,3
Q58T87,3
Q58T89,3
Q58T90,3
Q58T91,3
Q58T92,3
Q58T93,3
Q58T94,3
Q58T95,3
Q59HN7,3
Q59KZ1,0
Q59L72,1
Q59L86,3
Q59L96,2
Q59MD0,3
Q59PF9,5
Q59QA5,6
Q59SU1,5
Q59UP6,2
Q59UT4,2
Q59UT5,2
Q59V01,4
Q59V02,4
Q59VW6,2
Q59XB0,5
Q59Y11,6
Q59Y31,0
Q5A029,5
Q5A1A9,2
Q5A1B2,3
Q5A1B3,3
Q5A1E1,3
Q5A210,5
Q5A343,6
Q5A4X8,0
Q5A5K7,1
Q5A5U4,1
Q5A5U6,1
Q5A5U9,1
Q5A651,5
Q5A6M0,4
Q5A6M2,5
Q5A6U1,5
Q5A8A2,4
Q5A8I8,1
Q5AA33,2
Q5ABW2,2
Q5ACP5,5
Q5ACZ2,0
Q5AD07,4
Q5AD23,0
Q5AD34,5
Q5AD78,0
Q5ADQ7,6
Q5AF39,4
Q5AF41,4
Q5AFA2,4
Q5AFC2,1
Q5AFN8,2
Q5AGC4,2
Q5AHA4,0
Q5AHC0,1
Q5AHE8,2
Q5AIA1,0
Q5AJC0,5
Q5AJK6,4
Q5AJY5,2
Q5AK54,4
Q5AK97,2
Q5AL03,5
Q5AMF7,2
Q5AMJ5,4
Q5AP52,3
Q5APJ9,4
Q5AUT0,1
Q5B0Q1,4
Q5B428,6
Q5B508,6
Q5B8T6,4
Q5BIV7,5
Q5BIV9,5
Q5BKW7,5
Q5BU36,0
Q5CZK2,2
Q5CZK3,3
Q5CZK5,2
Q5CZK6,5
Q5DVA5,1
Q5DVA6,1
Q5DW47,2
Q5DWV1,4
Q5E9C1,3
Q5E9X0,5
Q5EHP1,0
Q5EHP3,0
Q5EHP4,0
Q5F1N4,2
Q5F378,6
Q5FBW1,3
Q5FVX5,4
Q5FXM5,6
Q5FZP5,4
Q5G234,5
Q5G290,6
Q5G291,6
Q5G860,0
Q5G861,0
Q5G862,0
Q5G863,0
Q5G864,0
Q5G865,0
Q5G866,0
Q5G8A6,2
Q5G8B3,0
Q5G8B4,0
Q5G8B5,0
Q5GC91,1
Q5GC92,1
Q5GC94,1
Q5H7N4,1
Q5H7N5,1
Q5H7N6,1
Q5H8A1,1
Q5H8A2,1
Q5H8A3,1
Q5HFB8,5
Q5HGV3,0
Q5HH14,6
Q5HH35,4
Q5HHM4,3
Q5HN75,4
Q5HNQ6,5
Q5HQA0,6
Q5HZW7,6
Q5I2B2,4
Q5I4E5,2
Q5I4E6,2
Q5I931,4
Q5IS42,6
Q5IS54,2
Q5IS80,6
Q5IS87,6
Q5IS99,2
Q5J6J1,0
Q5J6J2,0
Q5JDJ9,3
Q5JHL8,3
Q5JNJ5,5
Q5K0B8,6
Q5K0B9,6
Q5K0C1,6
Q5K0C2,6
Q5K0C7,6
Q5K0C8,6
Q5K0C9,6
Q5K0D0,6
Q5K0D1,6
Q5K0D2,6
Q5K0D3,6
Q5K0D6,6
Q5K0D7,6
Q5K2P8,4
Q5K4E3,4
Q5KK80,4
Q5KWP3,5
Q5M158,5
Q5M872,0
Q5MCS0,3
Q5MGE6,0
Q5N337,3
Q5NRP8,0
Q5NRP9,0
Q5NRQ0,0
Q5NRQ1,0
Q5NVC3,3
Q5NVH5,3
Q5NVQ3,0
Q5NVR8,0
Q5PFN4,3
Q5PP12,1
Q5PU89,5
Q5Q113,6
Q5Q114,6
Q5QFG1,6
Q5R1M5,3
Q5R1V9,0
Q5R231,3
Q5R4M6,4
Q5R4R0,4
Q5R510,1
Q5R537,0
Q5R551,4
Q5R5C1,1
Q5R5H4,1
Q5R5W6,1
Q5R6D1,3
Q5R790,2
Q5R7A9,4
Q5R7P4,6
Q5R876,3
Q5R8J0,2
Q5RAD6,5
Q5RB37,0
Q5RB45,5
Q5RBU7,5
Q5RCB6,3
Q5RCD8,6
Q5RDJ5,3
Q5RDN7,0
Q5RDP6,6
Q5RE54,0
Q5REL2,0
Q5RFD6,4
Q5RJH3,4
Q5S502,0
Q5SC59,2
Q5SC60,2
Q5SCW5,0
Q5SCW8,3
Q5SCX1,2
Q5U2X4,0
Q5U523,4
Q5U9D2,0
Q5UAF1,1
Q5UJG1,1
Q5UJG3,1
Q5UJG7,1
Q5UJH0,1
Q5UJH8,1
Q5UJI7,1
Q5USN8,1
Q5V1D5,3
Q5V4S6,3
Q5VJS9,0
Q5VY80,6
Q5W1L3,4
Q5W1L4,4
Q5W1L5,4
Q5W958,3
Q5W959,3
Q5W9R9,1
Q5W9T8,6
Q5WES5,5
Q5XCS5,5
Q5XF51,1
Q5XIE8,3
Q5XIF4,5
Q5XJY4,1
Q5XLE4,3
Q5XUW8,2
Q5XVM4,1
Q5XXR2,4
Q5Y4U2,0
Q5Y4U3,1
Q5Y4U4,2
Q5Y4U8,1
Q5Y4U9,1
Q5Y4V0,1
Q5Y4V1,1
Q5Y4V2,1
Q5Y4V3,1
Q5Y4V4,1
Q5Y4V6,1
Q5Y4V9,4
Q5Y4W2,1
Q5Y4W3,1
Q5Y4W4,1
Q5Y4W5,1
Q5Y4W6,1
Q5Y4W8,1
Q5Y4W9,1
Q5Y4X0,1
Q5Y4X1,1
Q5Y4X2,1
Q5Y4X3,1
Q5Y4X4,1
Q5Y4X5,1
Q5Y4X6,1
Q5Y4X7,1
Q5Y4X9,1
Q5Y4Y0,1
Q5Y4Y2,1
Q5Y4Y3,1
Q5Y4Y4,1
Q5Y4Y5,1
Q5Z9C8,5
Q60136,2
Q60431,2
Q60468,1
Q60478,0
Q60495,6
Q60506,1
Q60541,0
Q60549,0
Q60692,3
Q60935,4
Q60E70,5
Q60HC1,3
Q60I18,3
Q61207,5
Q61247,5
Q61468,4
Q61475,1
Q61503,4
Q61521,6
Q61702,0
Q61703,0
Q61704,0
Q61754,3
Q61759,3
Q61839,6
Q61847,5
Q62170,0
Q624D2,2
Q62587,3
Q62625,6
Q62713,0
Q62715,0
Q62718,0
Q62813,0
Q62923,6
Q62949,6
Q62997,5
Q63064,2
Q63072,6
Q63198,2
Q63207,2
Q634A1,5
Q634M0,2
Q63645,6
Q63691,1
Q63912,1
Q63ZK0,3
Q64016,0
Q64171,5
Q64194,3
Q64230,5
Q64253,6
Q64263,0
Q64277,6
Q64339,5
Q64365,0
Q64387,6
Q64389,2
Q64411,0
Q64444,3
Q64610,0
Q647H2,1
Q65DC2,5
Q65GM5,5
Q65H47,2
Q65Z15,1
Q667N8,5
Q66H42,6
Q66IA6,5
Q66S08,6
Q66S13,1
Q66S17,1
Q66S21,1
Q66S25,1
Q66TN7,0
Q67SC7,5
Q67UE8,0
Q689Z7,0
Q68G95,1
Q68IP5,2
Q68KK0,0
Q68LC0,2
Q68RJ9,6
Q68S10,0
Q68S23,2
Q68S26,3
Q68SP4,4
Q68Y22,2
Q698K8,2
Q69IF8,0
Q6B4T3,6
Q6B4T4,0
Q6B4T5,0
Q6B8V0,2
Q6B917,0
Q6BEA2,3
Q6BEG7,4
Q6BIS8,4
Q6BPV1,0
Q6BT31,6
Q6BV42,4
Q6C0J1,4
Q6C794,6
Q6CHU5,4
Q6CMF8,6
Q6CNE0,4
Q6CRM2,1
Q6DDP3,5
Q6DGP8,4
Q6DJ00,6
Q6DLS0,0
Q6DLW5,0
Q6DN61,1
Q6DR98,4
Q6DSU1,1
Q6DT45,3
Q6DYE7,0
Q6E3K9,5
Q6EAN6,6
Q6ECK6,5
Q6EH50,4
Q6EH52,1
Q6ENJ0,0
Q6ENJ4,2
Q6ENJ7,3
Q6ENY0,0
Q6ENY5,2
Q6EW52,0
Q6EW65,2
Q6EW68,3
Q6F125,5
Q6F495,1
Q6FLP9,0
Q6FNB1,4
Q6FT26,1
Q6G8S4,5
Q6GA84,0
Q6GAE3,6
Q6GAG4,4
Q6GG59,5
Q6GI14,6
Q6GI34,4
Q6GIK1,3
Q6GLR6,0
Q6GQ29,0
Q6GUL6,2
Q6H266,1
Q6H2Z4,3
Q6HD83,5
Q6HDK0,2
Q6ID76,1
Q6IGX9,6
Q6IRK9,0
Q6ITZ3,1
Q6IV23,5
Q6IV26,5
Q6IVA5,2
Q6IWA9,0
Q6IWB1,2
Q6IWB2,3
Q6JLX1,2
Q6JQN2,2
Q6L181,3
Q6L3B3,2
Q6L3B5,3
Q6LEM5,6
Q6LWM4,6
Q6LXR6,6
Q6LYT4,6
Q6LZC0,4
Q6LZD4,3
Q6LZM3,5
Q6LZU5,6
Q6M0N3,1
Q6M0N7,2
Q6MT50,5
Q6NKW9,2
Q6NLD7,5
Q6NLF4,6
Q6NLF7,5
Q6NME6,3
Q6NN00,3
Q6NNL3,5
Q6NUJ1,5
Q6NW40,4
Q6NWB6,5
Q6P326,3
Q6P4A8,6
Q6P7A9,4
Q6PAQ9,3
Q6PCX7,4
Q6PFX6,4
Q6PHU5,0
Q6PIE5,6
Q6PN80,2
Q6PN81,2
Q6PN82,2
Q6PN83,2
Q6PN84,2
Q6PN85,2
Q6PN86,2
Q6PPB3,2
Q6PTD1,2
Q6PTD4,2
Q6PTD5,2
Q6PTD6,2
Q6PTD7,2
Q6PXP0,6
Q6Q251,0
Q6Q252,0
Q6Q5H1,3
Q6QLQ5,5
Q6QLR1,5
Q6QWR1,5
Q6RUW3,5
Q6RY98,2
Q6SA95,2
Q6SLM0,6
Q6SLM1,6
Q6SLM2,6
Q6T178,6
Q6T179,6
Q6T271,2
Q6T6H8,3
Q6T6S7,3
Q6T6T2,1
Q6T6T3,1
Q6U8D7,3
Q6UG02,5
Q6UQ28,5
Q6URK6,4
Q6UW15,1
Q6UWB4,3
Q6UWM5,1
Q6UWN0,2
Q6UWN5,0
Q6UWR7,5
Q6UX82,5
Q6UXB3,6
Q6VU70,0
Q6WRU0,0
Q6X7V3,3
Q6XBF8,1
Q6XMH8,5
Q6Y4S4,5
Q6YGZ1,4
Q6YIJ3,6
Q6YK33,3
Q6YNQ0,6
Q6YRC7,5
Q6YXN4,2
Q6Z232,6
Q6Z4G7,5
Q6Z4G8,5
Q6ZVN8,4
Q70KY3,3
Q70US9,1
Q70XC3,2
Q70Y07,0
Q70Y14,2
Q70Y17,3
Q718F4,0
Q71DC3,1
Q71DR4,6
Q71QH5,3
Q71QH6,3
Q71QH7,3
Q71QI0,3
Q71QI1,3
Q71QI2,3
Q71QI3,3
Q71QI4,3
Q71QI5,3
Q71QI7,3
Q71QI8,3
Q71QJ0,3
Q71QJ1,3
Q71QJ2,3
Q71QJ3,3
Q71QJ4,3
Q71RP1,4
Q71UE8,6
Q71ZD0,5
Q72ZY3,5
Q730L4,2
Q74IL5,5
Q755X2,6
Q75DG6,0
Q75G39,1
Q75S48,6
Q75S51,6
Q75UG5,5
Q75V93,4
Q75V94,4
Q75V95,4
Q75WG6,4
Q75WG7,5
Q75WH2,5
Q75WH4,5
Q75WH5,5
Q75WH6,5
Q765I0,4
Q765I1,4
Q765I2,4
Q765Z4,5
Q765Z5,0
Q766Y7,4
Q76B45,3
Q76CA0,6
Q76CA1,0
Q76CA2,6
Q76CL2,5
Q76DT2,0
Q76IQ4,4
Q79AV1,2
Q7A151,0
Q7A654,0
Q7A6A6,4
Q7A6P2,3
Q7AP54,0
Q7DLR9,1
Q7DLS1,1
Q7FNT3,3
Q7JFN6,6
Q7JGL8,5
Q7JGL9,5
Q7JGM0,5
Q7JGM1,5
Q7JGM2,5
Q7JIG6,3
Q7JIH3,1
Q7JIY2,1
Q7JK02,1
Q7K5V2,3
Q7K740,6
Q7KUD5,5
Q7LHD1,4
Q7LZ09,3
Q7M1E7,0
Q7M303,0
Q7M334,6
Q7M3B6,6
Q7M3B8,6
Q7M3E1,3
Q7M3V5,5
Q7M428,3
Q7M6Z0,2
Q7M7A9,3
Q7MXK0,6
Q7NBB0,5
Q7NH81,3
Q7NJX5,3
Q7PTL2,6
Q7Q2T8,1
Q7Q7R8,5
Q7RTY9,3
Q7RTZ1,6
Q7RZ85,4
Q7SYF1,3
Q7SZD9,2
Q7SZE0,2
Q7SZE1,3
Q7T141,1
Q7T1M3,6
Q7T1R0,6
Q7T1R1,6
Q7T229,3
Q7T273,0
Q7T2Q4,6
Q7T2Q5,6
Q7T3K7,1
Q7T3K8,1
Q7T3K9,1
Q7T3L1,4
Q7TMR0,5
Q7TNK8,4
Q7TQ32,4
Q7TQ33,4
Q7TQN2,5
Q7TSB7,5
Q7TSF0,6
Q7TSP5,4
Q7TTJ7,3
Q7TV59,4
Q7U4Z3,3
Q7U669,3
Q7U9L1,2
Q7V323,2
Q7V365,3
Q7V4T1,2
Q7V735,4
Q7V7B7,4
Q7V8T1,4
Q7VDR4,2
Q7XAD0,1
Q7XR91,5
Q7YJX6,0
Q7YJY5,2
Q7YJY8,3
Q7YRU7,6
Q7YWA8,4
Q7YWA9,4
Q7YWB0,4
Q7YX32,3
Q7YXK5,5
Q7YZS9,2
Q7Z027,6
Q7Z090,2
Q7Z1Y7,2
Q7Z3B1,0
Q7Z553,0
Q7ZXZ6,4
Q7ZZM2,1
Q7ZZS9,2
Q800A0,0
Q800F1,1
Q800R3,1
Q800R4,1
Q800R9,1
Q800S1,1
Q800S2,1
Q801Y3,0
Q802F0,3
Q803W1,4
Q803Y4,5
Q804X6,2
Q805D3,6
Q805D4,6
Q805D5,6
Q805D6,6
Q805D8,4
Q805E9,4
Q805F2,0
Q805F3,0
Q805F4,2
Q805F5,1
Q805F6,2
Q805F7,1
Q80T19,0
Q80V42,4
Q80WD0,2
Q80WD1,2
Q80Z24,0
Q80ZA0,1
Q80ZQ0,6
Q810H5,1
Q811A2,0
Q812G9,2
Q817U4,5
Q818E2,2
Q81LE8,5
Q81LR5,2
Q836X4,5
Q83RD2,5
Q84JV2,5
Q84MC0,0
Q84VZ5,0
Q84W98,5
Q85AU0,0
Q85BB6,2
Q85BH5,3
Q85C23,3
Q85FM3,0
Q85FN7,2
Q85FY2,2
Q85G59,3
Q85Q99,1
Q85WS3,3
Q85WW6,0
Q85X72,2
Q862A7,6
Q862B1,4
Q862Z3,1
Q863C3,1
Q865R1,3
Q867A9,0
Q867B0,3
Q867D0,0
Q867W1,6
Q868F8,6
Q868G6,4
Q868M7,4
Q86A85,6
Q86C49,6
Q86C51,5
Q86DU6,0
Q86MA7,5
Q86N75,2
Q86QN6,5
Q86QT2,3
Q86RA3,6
Q86RB2,2
Q86SA8,1
Q86SC0,4
Q86UN2,2
Q86UN3,2
Q86UP0,4
Q86UU9,5
Q86Y78,5
Q86YL7,3
Q873Y0,3
Q876J3,0
Q877A8,2
Q88WN3,5
Q892N6,5
Q899Y1,0
Q8AUU1,4
Q8AVA3,5
Q8AVA4,5
Q8AXR2,6
Q8AXW7,6
Q8AY47,6
Q8AY48,6
Q8AY78,3
Q8AY79,3
Q8AY80,3
Q8AY82,3
Q8AYR5,6
Q8AYR6,6
Q8BFS3,2
Q8BG41,2
Q8BGN3,5
Q8BGN6,5
Q8BH35,3
Q8BH61,5
Q8BJ48,5
Q8BJR6,3
Q8BKV1,0
Q8BLC3,6
Q8BM92,4
Q8BPP5,5
Q8BS03,1
Q8BVP6,2
Q8BWU1,5
Q8C1C1,5
Q8C1P2,0
Q8C255,0
Q8C3Q9,3
Q8C4W3,3
Q8CE23,1
Q8CFV4,4
Q8CFZ4,5
Q8CGR5,3
Q8CH01,5
Q8CHK2,2
Q8CIH9,6
Q8CIT0,1
Q8CJY7,2
Q8CS89,5
Q8CW15,5
Q8CXC9,2
Q8DIV4,3
Q8DUQ4,5
Q8DYV5,5
Q8E4G3,5
Q8EPP8,5
Q8EVW5,5
Q8GCB2,5
Q8GS39,4
Q8GTM0,5
Q8GUI4,6
Q8GUL8,0
Q8GWW6,1
Q8GYS8,0
Q8GZ17,3
Q8H6Q0,5
Q8H6Q1,5
Q8HB52,0
Q8HWE5,3
Q8HWE7,3
Q8HXV2,3
Q8HY34,6
Q8HYC2,5
Q8HZM6,0
Q8HZQ3,4
Q8I1F6,1
Q8I423,5
Q8I6K1,1
Q8I6R2,0
Q8I6S2,0
Q8I6S3,0
Q8I6T1,0
Q8I6V7,0
Q8I7X1,1
Q8I817,1
Q8I912,2
Q8I913,2
Q8I914,2
Q8IDN0,2
Q8ILP3,5
Q8IS41,6
Q8IS98,2
Q8ISH7,3
Q8IV16,5
Q8IVL8,2
Q8IW00,1
Q8J136,5
Q8J1Y4,1
Q8J282,6
Q8J2V8,5
Q8JFB2,6
Q8JFG2,6
Q8JFY4,4
Q8JG54,4
Q8JH85,3
Q8JHB9,3
Q8JHE1,3
Q8JIM3,2
Q8JJ51,2
Q8JZQ2,5
Q8JZU2,5
Q8K0S5,2
Q8K3U6,2
Q8K4P1,2
Q8K4P2,2
Q8KQR1,0
Q8L3C7,6
Q8L6Z5,5
Q8L8Q7,5
Q8L8Y3,0
Q8L9P8,3
Q8L9T8,1
Q8LA14,5
Q8LAX3,0
Q8LC95,5
Q8LCN5,6
Q8LD27,3
Q8LD43,1
Q8LD63,5
Q8LDN4,6
Q8LDW6,4
Q8LE92,0
Q8LEE9,5
Q8LEJ6,5
Q8LEM4,6
Q8LFL4,0
Q8LPS1,4
Q8LW54,2
Q8M9W5,0
Q8MA00,2
Q8MI35,6
Q8MJ25,3
Q8MJ80,0
Q8MJC3,2
Q8MJU1,2
Q8MJV4,2
Q8MK67,4
Q8MKI5,2
Q8MMH4,1
Q8MMJ7,2
Q8MP00,5
Q8MPY9,3
Q8MTX2,2
Q8N158,0
Q8N2E6,1
Q8N2G4,6
Q8N5G0,4
Q8N687,1
Q8N6Q3,2
Q8N729,6
Q8N7M5,4
Q8NG41,2
Q8NI32,5
Q8NJJ4,6
Q8NJP6,0
Q8NK98,6
Q8NK99,6
Q8NKB6,3
Q8NX91,6
Q8NX98,4
Q8NXI6,3
Q8PZ04,3
Q8QFQ3,1
Q8QFQ4,1
Q8QFQ5,1
Q8QFQ8,4
Q8QFW3,6
Q8QFW4,6
Q8QG86,3
Q8QG89,2
Q8QGH3,4
Q8QGP7,5
Q8QHK2,3
Q8QHK3,3
Q8R182,5
Q8R1I2,1
Q8R2G4,0
Q8R2Q8,0
Q8R4F1,6
Q8R4S2,3
Q8R4S4,3
Q8R4S7,3
Q8R5G8,1
Q8R5G9,1
Q8RB77,2
Q8RBA7,5
Q8REI3,5
Q8S2W4,1
Q8S8M2,3
Q8S8N0,3
Q8S8N1,3
Q8S8N2,3
Q8S8P7,0
Q8S8X7,0
Q8S8Y4,2
Q8S9J6,1
Q8SQ23,2
Q8SQ41,0
Q8SQ46,1
Q8SQD7,1
Q8SQG7,0
Q8SQG8,0
Q8SWI4,2
Q8SXL2,4
Q8T0Y7,3
Q8T0Z3,6
Q8T112,5
Q8T117,3
Q8T1G4,5
Q8T1G5,5
Q8T1G6,5
Q8T9R8,2
Q8TDM5,6
Q8TJB5,3
Q8TL28,0
Q8TW10,3
Q8U125,3
Q8U4C9,3
Q8UUG0,2
Q8UUG2,2
Q8UUH7,6
Q8UUH8,6
Q8UUH9,6
Q8UUI0,6
Q8UUI1,6
Q8UUI2,6
Q8UUI3,6
Q8UUI4,6
Q8UUK2,3
Q8UVX1,3
Q8UW08,6
Q8UW30,6
Q8UW31,6
Q8UW80,6
Q8UW81,6
Q8VCI0,6
Q8VEN2,6
Q8VXF2,5
Q8VXX5,1
Q8VYV9,0
Q8VZU3,3
Q8W261,3
Q8WI34,2
Q8WI36,3
Q8WN12,1
Q8WPU1,2
Q8WS88,6
Q8WTD3,0
Q8WVF2,5
Q8WWA0,1
Q8WXF3,2
Q8WZY7,6
Q8X176,3
Q8X783,5
Q8XIJ1,5
Q8XIS3,2
Q8Y585,0
Q8YQS7,3
Q8YYG5,2
Q8ZDC4,5
Q8ZPK9,5
Q8ZST5,3
Q90251,6
Q90325,2
Q90326,2
Q90391,2
Q90392,2
Q90627,3
Q90628,3
Q90762,4
Q90763,4
Q90773,0
Q90VW7,2
Q90W22,4
Q90W78,1
Q90W88,4
Q90WA8,6
Q90WC0,2
Q90WD8,0
Q90WF4,5
Q90WP7,1
Q90WX8,4
Q90WZ1,4
Q90X85,3
Q90Y12,6
Q90Y63,6
Q90YA6,2
Q90ZK3,1
Q90ZK5,1
Q90ZM9,4
Q90ZX8,2
Q90ZY0,2
Q91041,3
Q91053,3
Q91082,3
Q91166,3
Q91167,3
Q91189,3
Q91194,6
Q91330,6
Q91507,3
Q91508,3
Q91510,3
Q91511,3
Q91516,3
Q91838,4
Q91971,3
Q91V70,5
Q91V82,5
Q91VK4,3
Q91X13,0
Q91X17,1
Q91X79,3
Q91XI3,3
Q91XL7,1
Q91YK8,1
Q92030,6
Q92058,5
Q92084,6
Q92085,6
Q92086,6
Q92097,4
Q920E0,6
Q920E1,6
Q920S2,3
Q92106,4
Q92178,0
Q92223,3
Q92340,4
Q92405,2
Q924B5,5
Q92686,1
Q92876,3
Q93070,4
Q93109,3
Q931Q3,5
Q93409,1
Q93702,6
Q93MH4,5
Q93MH6,5
Q93R80,2
Q93V72,2
Q93VC9,3
Q93VK8,1
Q93WH6,5
Q93WP7,3
Q93WP8,3
Q93X17,3
Q93X49,5
Q93XK2,5
Q93XX5,0
Q93Z04,1
Q93Z08,2
Q93ZH0,0
Q941C5,5
Q941C7,0
Q945T0,3
Q94AX3,4
Q94BT2,5
Q94CD8,4
Q94DM8,5
Q94EY2,5
Q94F08,5
Q94F57,6
Q94K85,3
Q94KT8,5
Q95174,1
Q95176,1
Q95198,4
Q95211,1
Q95222,2
Q95235,4
Q95241,6
Q95253,6
Q95323,3
Q95333,1
Q95335,6
Q95336,4
Q95J18,5
Q95J22,5
Q95J24,5
Q95J46,5
Q95J88,0
Q95JB4,0
Q95JC3,0
Q95JC9,3
Q95LD9,3
Q95LI0,3
Q95M08,1
Q95M12,4
Q95M25,0
Q95M33,4
Q95M66,5
Q95MI6,1
Q95ND5,2
Q95ND7,2
Q95NE0,4
Q95NH6,0
Q95NJ8,1
Q95P23,0
Q95P48,5
Q96316,2
Q96474,4
Q969E1,0
Q96B86,4
Q96CW9,6
Q96PH6,3
Q96PL2,2
Q96RI0,6
Q96RP3,6
Q975D1,3
Q975U8,3
Q97AZ7,3
Q97JJ9,2
Q97JL5,5
Q98919,0
Q98995,2
Q98SP2,2
Q98ST6,1
Q98TA8,3
Q99013,2
Q99034,6
Q99036,0
Q99075,6
Q99109,1
Q99219,2
Q99303,3
Q99317,5
Q99319,5
Q99320,5
Q99436,1
Q99523,0
Q99895,3
Q99969,4
Q99JA0,4
Q99JB6,3
Q99LS0,4
Q99M75,2
Q99MA2,1
Q99MH3,0
Q99MP3,4
Q99MP5,5
Q99MQ4,0
Q99N14,5
Q99PI8,2
Q99PJ0,0
Q99UX3,0
Q99V45,4
Q99VJ0,3
Q9A1S2,3
Q9AIS7,4
Q9AR88,5
Q9AVB0,2
Q9AYP9,2
Q9BBS2,2
Q9BBU3,3
Q9BDB7,2
Q9BDJ5,1
Q9BDJ6,4
Q9BEF8,4
Q9BG76,0
Q9BH21,2
Q9BH51,0
Q9BH75,2
Q9BH79,2
Q9BH81,2
Q9BH84,6
Q9BH86,2
Q9BHA0,6
Q9BHA6,2
Q9BHB7,6
Q9BJV7,6
Q9BJV8,6
Q9BJV9,6
Q9BJW0,6
Q9BMP8,2
Q9BP43,2
Q9BP45,0
Q9BP46,2
Q9BP47,2
Q9BP50,0
Q9BP51,2
Q9BP53,2
Q9BP55,0
Q9BP56,2
Q9BP58,0
Q9BP61,0
Q9BP63,0
Q9BP65,0
Q9BP66,0
Q9BP68,0
Q9BP69,0
Q9BP70,0
Q9BP74,0
Q9BP75,0
Q9BP77,6
Q9BP83,6
Q9BP84,6
Q9BP86,6
Q9BP87,6
Q9BP88,6
Q9BP90,6
Q9BP91,6
Q9BP92,6
Q9BP93,6
Q9BP96,6
Q9BP97,6
Q9BP98,6
Q9BP99,6
Q9BPA1,6
Q9BPA3,6
Q9BPA4,6
Q9BPA5,6
Q9BPA6,6
Q9BPA9,6
Q9BPB0,6
Q9BPB1,6
Q9BPB4,6
Q9BPB7,6
Q9BPB9,6
Q9BPC0,6
Q9BPC3,6
Q9BPC4,6
Q9BPC5,6
Q9BPC7,6
Q9BPC8,6
Q9BPC9,6
Q9BPD0,6
Q9BPD1,2
Q9BPD2,2
Q9BPD3,2
Q9BPD4,2
Q9BPD5,2
Q9BPD6,2
Q9BPD7,2
Q9BPD9,2
Q9BPE0,2
Q9BPE1,2
Q9BPE2,2
Q9BPE3,2
Q9BPE4,2
Q9BPE5,2
Q9BPE6,2
Q9BPE7,2
Q9BPE9,2
Q9BPF1,2
Q9BPF2,2
Q9BPF3,2
Q9BPF4,2
Q9BPF5,2
Q9BPF7,2
Q9BPF9,2
Q9BPG0,2
Q9BPG1,2
Q9BPG2,2
Q9BPG5,2
Q9BPG6,2
Q9BPG7,2
Q9BPG8,2
Q9BPH0,2
Q9BPH1,2
Q9BPH2,2
Q9BPH3,0
Q9BPH5,0
Q9BPH6,0
Q9BPH9,0
Q9BPI0,0
Q9BPI4,0
Q9BPI5,0
Q9BPI7,0
Q9BPI8,0
Q9BPI9,0
Q9BPJ1,0
Q9BPJ2,0
Q9BPJ3,0
Q9BPJ5,0
Q9BPJ6,0
Q9BPJ7,0
Q9BPJ8,0
Q9BPK0,0
Q9BQR3,3
Q9BT56,1
Q9BXN1,0
Q9BXW4,6
Q9BY14,5
Q9BZD6,5
Q9BZD7,3
Q9BZJ3,3
Q9BZM4,6
Q9BZM5,6
Q9BZM6,6
Q9BZR6,2
Q9BZS1,3
Q9C169,2
Q9C5S0,6
Q9C7F7,2
Q9C8A4,1
Q9C9B1,2
Q9C9G4,4
Q9CA23,5
Q9CGL5,5
Q9CQ52,3
Q9CQC2,1
Q9CQV6,6
Q9CQW3,2
Q9CQX2,3
Q9CRA0,4
Q9CWP4,6
Q9CZQ6,4
Q9D106,0
Q9D1N2,5
Q9D3P9,2
Q9D6Z6,4
Q9D7F2,5
Q9D7R7,0
Q9D7S0,5
Q9D7Z7,0
Q9DA79,0
Q9DD06,4
Q9DD23,6
Q9DD33,3
Q9DET7,3
Q9DEX3,0
Q9DF33,6
Q9DF52,6
Q9DF56,6
Q9DF66,3
Q9DF68,3
Q9DFD6,0
Q9DG83,3
Q9DG84,3
Q9DGC8,6
Q9DGC9,6
Q9DGD4,1
Q9DGK7,5
Q9EPI2,5
Q9EPS2,5
Q9ER63,0
Q9ERA7,4
Q9ESD1,3
Q9ESQ8,1
Q9ESQ9,1
Q9ESY9,1
Q9F1K9,2
Q9FEB4,5
Q9FFH6,5
Q9FFY3,6
Q9FGF6,2
Q9FGH4,2
Q9FHN6,1
Q9FHQ6,5
Q9FIW0,5
Q9FIW1,5
Q9FJ13,3
Q9FJU9,4
Q9FK16,1
Q9FKT1,6
Q9FM65,0
Q9FN39,0
Q9FNQ2,2
Q9FPR2,6
Q9FRF9,5
Q9FRT8,4
Q9FRT9,4
Q9FS10,5
Q9FSI9,6
Q9FVE0,6
Q9FY19,0
Q9FY78,6
Q9FZ54,6
Q9FZ86,2
Q9FZA0,3
Q9FZD0,2
Q9FZE4,4
Q9GJY2,2
Q9GK11,0
Q9GK16,2
Q9GK30,6
Q9GKQ6,0
Q9GKY5,4
Q9GL30,6
Q9GL67,3
Q9GLC7,6
Q9GLD0,4
Q9GLF6,4
Q9GLG1,0
Q9GLG4,2
Q9GLK4,4
Q9GLN8,3
Q9GLP2,2
Q9GLP6,3
Q9GLR2,0
Q9GLV5,5
Q9GLY5,0
Q9GM96,1
Q9GMB7,6
Q9GMY2,0
Q9GMY3,0
Q9GMY4,0
Q9GMY6,0
Q9GMY8,0
Q9GP84,4
Q9GQV7,5
Q9GQW4,2
Q9GSA4,2
Q9GSL0,6
Q9GU57,0
Q9GU58,0
Q9GZQ8,6
Q9GZZ7,5
Q9H159,4
Q9H1Z8,4
Q9H2R5,3
Q9H300,1
Q9H3Y0,1
Q9H4A9,0
Q9H4B8,0
Q9HBT6,4
Q9HCQ7,1
Q9HEZ3,0
Q9I194,1
Q9I837,6
Q9I842,6
Q9I843,6
Q9I844,6
Q9I845,6
Q9I846,6
Q9I847,6
Q9I8P2,5
Q9I8P3,5
Q9I8X0,3
Q9I8X1,3
Q9I8X2,3
Q9I900,6
Q9I9D3,5
Q9I9L7,3
Q9IA08,6
Q9IAB0,2
Q9IAU2,6
Q9IAX6,2
Q9IAY0,2
Q9IAY1,2
Q9IAY2,2
Q9IAY3,2
Q9IB75,0
Q9JHW0,1
Q9JHX4,1
Q9JJT2,5
Q9JL18,4
Q9JLA2,4
Q9JLT2,6
Q9JM53,2
Q9JM71,3
Q9JMI7,5
Q9K5K2,3
Q9K5K3,3
Q9K5K8,3
Q9K8J7,5
Q9KD78,2
Q9KWM4,6
Q9L5D6,5
Q9LE56,5
Q9LE89,1
Q9LEH8,6
Q9LFW3,5
Q9LH43,3
Q9LII0,5
Q9LJ85,4
Q9LJ86,6
Q9LJD9,1
Q9LJU0,3
Q9LJU1,5
Q9LK37,3
Q9LMY9,5
Q9LUA1,5
Q9LV87,0
Q9LV88,0
Q9LVC0,1
Q9LX20,0
Q9LXU0,6
Q9LYF6,1
Q9LZL3,0
Q9LZX4,0
Q9M088,2
Q9M099,3
Q9M0A1,5
Q9M0I0,6
Q9M0S4,6
Q9M2G1,2
Q9M2K6,3
Q9M2Y0,5
Q9M373,1
Q9M653,1
Q9M654,1
Q9MA62,3
Q9MAC1,5
Q9MS55,2
Q9MS58,2
Q9MS61,2
Q9MS64,2
Q9MS67,2
Q9MS70,2
Q9MS73,2
Q9MS76,2
Q9MS79,2
Q9MTL6,2
Q9MTN2,0
Q9MUS0,2
Q9MUW1,0
Q9MYK8,5
Q9MYM4,4
Q9MYV1,4
Q9MYY0,4
Q9MZV6,3
Q9MZV7,3
Q9N0A6,4
Q9N0E3,2
Q9N0T3,4
Q9N0V5,4
Q9N0Z6,6
Q9N2D0,0
Q9N2D1,3
Q9N2D3,0
Q9N2D4,0
Q9N2I2,0
Q9N4D8,2
Q9N4V0,0
Q9N563,0
Q9N5R0,5
Q9N633,6
Q9N661,2
Q9N669,6
Q9NBG9,3
Q9NDE7,6
Q9NDE8,2
Q9NFP1,6
Q9NGP0,0
Q9NIP6,1
Q9NJC6,1
Q9NJQ2,6
Q9NL55,0
Q9NL82,5
Q9NL83,5
Q9NPD7,4
Q9NZH6,4
Q9NZH8,4
Q9P0G3,3
Q9P121,0
Q9P358,6
Q9P359,6
Q9P378,2
Q9P3E4,5
Q9P4W3,6
Q9P4W4,6
Q9P7J9,3
Q9P8G3,0
Q9P992,3
Q9P996,3
Q9P9I1,4
Q9P9I3,4
Q9PJV0,4
Q9PQT2,5
Q9PRR0,0
Q9PRZ6,0
Q9PT26,3
Q9PT40,3
Q9PT41,3
Q9PT75,1
Q9PT98,5
Q9PT99,5
Q9PTA0,5
Q9PTA1,6
Q9PTA5,6
Q9PTA6,6
Q9PTA7,6
Q9PTL3,3
Q9PTQ4,1
Q9PTS1,1
Q9PU41,3
Q9PU97,6
Q9PUG7,6
Q9PUG8,6
Q9PUG9,6
Q9PUH0,6
Q9PUH2,6
Q9PUH3,6
Q9PUH4,6
Q9PUH5,6
Q9PUH6,6
Q9PUH7,6
Q9PUH8,6
Q9PUH9,6
Q9PUI0,6
Q9PUR0,3
Q9PVK9,2
Q9PVW7,3
Q9PW35,2
Q9PW36,2
Q9PW56,6
Q9PW68,5
Q9PWJ0,2
Q9QUG3,2
Q9QUK9,3
Q9QUP5,6
Q9QUR8,5
Q9QXK8,1
Q9QXQ6,1
Q9QXQ7,4
Q9QXU9,0
Q9QXV0,0
Q9QXX3,6
Q9QY05,3
Q9QYH7,4
Q9QYZ9,3
Q9QZ25,1
Q9QZQ3,5
Q9QZQ4,5
Q9QZT3,6
Q9QZY5,3
Q9R087,0
Q9R0R1,1
Q9R0R3,3
Q9R0R4,3
Q9R0S3,0
Q9R0T7,3
Q9R171,4
Q9R1E6,0
Q9RQJ2,1
Q9S0W8,2
Q9S3W5,3
Q9S9K4,2
Q9SD84,2
Q9SE35,0
Q9SE93,6
Q9SI57,1
Q9SIL7,5
Q9SIU6,3
Q9SJ81,5
Q9SJY7,6
Q9SK27,5
Q9SKW7,2
Q9SNC3,0
Q9SPL3,1
Q9SPL4,1
Q9SPL5,1
Q9SQN9,5
Q9SQT9,3
Q9SRT7,5
Q9SSG3,5
Q9STH5,5
Q9STQ3,1
Q9SU13,0
Q9SU40,1
Q9SUC9,3
Q9SUV6,2
Q9SV73,1
Q9SXA6,4
Q9SZ51,5
Q9SZG4,5
Q9T045,3
Q9T351,3
Q9TJ82,3
Q9TKY7,2
Q9TKZ9,0
Q9TNF7,3
Q9TNF8,3
Q9TR93,5
Q9TRM8,5
Q9TRY9,6
Q9TS34,6
Q9TS35,6
Q9TSX8,1
Q9TSZ0,3
Q9TT95,1
Q9TTE2,0
Q9TUI9,3
Q9TUX7,2
Q9TV13,3
Q9TVA3,6
Q9TVK3,6
Q9TVN1,6
Q9TVQ6,6
Q9TVQ7,6
Q9TVR4,6
Q9TVU1,6
Q9TVX4,6
Q9TVY1,6
Q9TW08,6
Q9TWM7,6
Q9TY83,2
Q9TY84,2
Q9TY95,6
Q9TZP5,3
Q9U5D2,0
Q9U619,2
Q9U644,6
Q9U645,6
Q9U647,6
Q9U648,6
Q9U650,6
Q9U651,6
Q9U654,6
Q9U656,6
Q9U657,6
Q9U659,6
Q9U660,6
Q9U6Z5,2
Q9U6Z9,2
Q9U700,2
Q9U8R2,1
Q9UA71,6
Q9UA72,6
Q9UA83,6
Q9UA85,6
Q9UA86,6
Q9UA91,6
Q9UA93,6
Q9UA95,6
Q9UAB2,6
Q9UBC7,1
Q9UBR2,6
Q9UBU3,4
Q9UHA7,4
Q9UHF0,3
Q9UK23,5
Q9UKY0,2
Q9ULB4,4
Q9ULB5,4
Q9ULZ1,3
Q9ULZ9,0
Q9UNI1,3
Q9UR19,3
Q9URQ0,1
Q9UV63,2
Q9UVP6,3
Q9UWG6,6
Q9UXF3,3
Q9UYL3,4
Q9V0N9,3
Q9V247,3
Q9V253,6
Q9V2W8,4
Q9V2W9,4
Q9V2X0,3
Q9V2X1,4
Q9V521,1
Q9V751,0
Q9V8G0,1
Q9VC44,1
Q9VCW0,3
Q9VET0,5
Q9VG55,4
Q9VGE8,3
Q9VIH9,6
Q9VII1,6
Q9VII3,0
Q9VIQ0,1
Q9VJ33,6
Q9VKA0,1
Q9VLK4,2
Q9VPR7,5
Q9VQ66,1
Q9VT50,2
Q9VT51,3
Q9VT52,5
Q9VT53,3
Q9VTM6,2
Q9VTZ5,1
Q9VU58,2
Q9VV28,1
Q9VV72,6
Q9VVF7,2
Q9VZ21,3
Q9W0W6,0
Q9W1V6,1
Q9W4Q9,3
Q9W4Z4,4
Q9W6M9,1
Q9W6V2,0
Q9W7E9,6
Q9W7F0,6
Q9W7J4,6
Q9W7R2,3
Q9W7S2,2
Q9WTL0,5
Q9WTR5,1
Q9WUC3,6
Q9WUG6,2
Q9WUK0,3
Q9WUU7,6
Q9WV41,3
Q9WVA8,2
Q9WVA9,2
Q9WVJ3,0
Q9X2V7,1
Q9XEB5,6
Q9XEC4,0
Q9XF04,1
Q9XFX3,0
Q9XFX4,0
Q9XHP1,4
Q9XPS4,0
Q9XS63,6
Q9XSD9,0
Q9XSE2,5
Q9XSJ6,6
Q9XSM2,3
Q9XSN2,6
Q9XSN3,6
Q9XSQ7,4
Q9XSR0,4
Q9XSW6,5
Q9XT35,3
Q9XVX1,4
Q9XW71,1
Q9XYZ0,6
Q9XYZ1,6
Q9XZK2,6
Q9XZK3,6
Q9XZK6,2
Q9XZK7,2
Q9XZK9,6
Q9XZL0,6
Q9XZL1,6
Q9XZL2,6
Q9Y0X4,0
Q9Y0X6,1
Q9Y1U9,3
Q9Y251,4
Q9Y287,3
Q9Y2I2,6
Q9Y4W6,5
Q9Y5Q6,2
Q9Y5Z0,4
Q9Y625,0
Q9Y6M0,3
Q9Y7S9,3
Q9Y7Y7,2
Q9Y833,6
Q9YAN8,6
Q9YER0,3
Q9YES4,3
Q9YGH3,6
Q9YGJ2,3
Q9YGJ8,3
Q9YGJ9,3
Q9YGK4,3
Q9YGK5,3
Q9YI19,2
Q9Z0F1,0
Q9Z0J1,2
Q9Z0K8,1
Q9Z0L5,6
Q9Z0L6,3
Q9Z0M1,3
Q9Z0M5,3
Q9Z0T3,1
Q9Z0X1,2
Q9Z0Y2,6
Q9Z172,5
Q9Z1F1,0
Q9Z1Q3,6
Q9Z1Q4,6
Q9Z2Q3,0
Q9ZQG9,5
Q9ZQI8,6
Q9ZQX0,4
Q9ZT16,6
Q9ZT17,6
Q9ZUJ5,1
Q9ZVC7,6
Q9ZWA8,5
R4JJN6,2
R4JNJ5,2
R4JQZ0,2
R4ZCU1,2
R9UC00,1
R9UC04,1
R9UC06,1
R9UC10,1
R9UCX1,1
R9UE59,1
R9UE63,1
R9UE65,1
R9UFE0,1
R9UFE4,1
R9UFJ8,1
S0F1M4,1
S0F1M6,1
S0F1M9,1
S0F1N0,1
S0F1N6,1
S0F1N7,1
S0F1P1,1
S0F204,1
S0F207,1
S0F209,1
S0F215,1
S4UJW3,2
S6D3A7,0
S7Q0E7,6
T1NXB5,1
T1PQV6,0
T1PRE3,0
T1W425,1
U3UBT3,1
U4N938,2
U5KJC9,2
U5KJJ1,2
U5KJM4,2
U5KJM6,2
U5KJT7,2
U5KJZ2,2
U5L396,1
U5L397,1
U5L3J7,1
U5L3J9,1
U5L3K1,1
U5L3M6,1
U5L3M7,1
U5L3M8,1
U5L3X0,1
U5L3X2,1
U5L406,1
U5L408,1
U5L409,1
U5YCR8,3
V5IRP6,6
V5LU01,1
V5V9Y7,0
W0THY6,6
W4VRV4,5
W4VS49,5
W4VS82,0
W4VSC0,5
W4VSE7,0
W4VSF6,6
W4VSG7,5
W4VSI9,5
W5U5X5,0
W7DQ33,6
W8GNV3,2
X5I9Y2,2
X5I9Z2,2
X5IFZ1,2
X5IWT5,0
