run_name,status,device,error,test:precision peptides,test:recall peptides,test:f1 peptides,test:precision propeptides,test:recall propeptides,test:f1 propeptides,test:precision all,test:recall all,test:f1 all,test:residue mcc peptides,test:residue positives peptides,test:residue total peptides,test:residue roc_auc peptides,test:residue mcc propeptides,test:residue positives propeptides,test:residue total propeptides,test:residue roc_auc propeptides,test:residue mcc all,test:residue positives all,test:residue total all,test:residue roc_auc all,test:loss,homo_test:precision peptides,homo_test:recall peptides,homo_test:f1 peptides,homo_test:precision propeptides,homo_test:recall propeptides,homo_test:f1 propeptides,homo_test:precision all,homo_test:recall all,homo_test:f1 all,homo_test:residue mcc peptides,homo_test:residue positives peptides,homo_test:residue total peptides,homo_test:residue roc_auc peptides,homo_test:residue mcc propeptides,homo_test:residue positives propeptides,homo_test:residue total propeptides,homo_test:residue roc_auc propeptides,homo_test:residue mcc all,homo_test:residue positives all,homo_test:residue total all,homo_test:residue roc_auc all,homo_test:loss
esm2_aho_emission_fusion,ok,cuda:0,,0.6759156492785794,0.529105125977411,0.5935672514619884,0.6930352536543423,0.5819494584837546,0.6326530612244898,0.685562015503876,0.5579652996845426,0.6152173913043478,0.6811330742576914,27346,309829,0.9579309275428104,0.7351306044165614,30387,309829,0.9536906306661074,0.736633993533692,57733,309829,0.9493510165299273,14.866461306810379,0.42857142857142855,0.28125,0.3396226415094339,0.5348837209302325,0.4339622641509434,0.47916666666666663,0.5,0.3764705882352941,0.42953020134228187,0.5769888295826989,778,22018,0.9571495916420975,0.7268432515873754,1316,22018,0.9344496765359587,0.6882488206937949,2094,22018,0.9459356850204608,12.162803649902344
esm2_aho_emission_fusion_h32,ok,cuda:0,,0.6565445026178011,0.5437987857762359,0.5948766603415561,0.6903409090909091,0.5263537906137185,0.5972961900860303,0.6742913973147687,0.5342789598108747,0.5961749835128599,0.6726611467076568,27346,309829,0.9598865089663903,0.7205575757259025,30387,309829,0.9661877583878782,0.7329851463200433,57733,309829,0.95907055056067,13.654104128479958,0.5,0.30303030303030304,0.37735849056603776,0.7435897435897436,0.5471698113207547,0.6304347826086957,0.6610169491525424,0.45348837209302323,0.5379310344827586,0.5987770270372067,778,22018,0.9494464051433247,0.7420516476059705,1316,22018,0.9658432227889233,0.7041554050464184,2094,22018,0.9561262836984937,11.810875415802002
esm2_aho_mid_fusion_raw_m64,ok,cuda:0,,0.722877358490566,0.5311958405545927,0.6123876123876124,0.6577355229040622,0.5494584837545127,0.5987411487018096,0.685286783042394,0.5411579361953525,0.6047535211267605,0.6627666687438976,27346,309829,0.9458198927857172,0.7077465688582716,30387,309829,0.9579956564036094,0.7073811540355881,57733,309829,0.94610878873605,15.639953628182411,0.5,0.2727272727272727,0.3529411764705882,0.6341463414634146,0.49056603773584906,0.5531914893617021,0.5932203389830508,0.4069767441860465,0.48275862068965514,0.5970089779417365,778,22018,0.9489849752370991,0.7450054301429944,1316,22018,0.9573587151763381,0.7280164639028547,2094,22018,0.953627653277296,12.52827262878418
esm2_aho_mid_fusion_raw_m64_pep_only,ok,cuda:0,,0.718397997496871,0.4914383561643836,0.5836298932384342,0.628281117696867,0.535740072202166,0.578332034294622,0.6646464646464646,0.5154719937328633,0.5806309287447605,0.6502589741634743,27346,309829,0.9413894744466562,0.7039531213550441,30387,309829,0.9451507815977027,0.6957158997713102,57733,309829,0.932373749447513,14.083290323615074,0.5,0.18181818181818182,0.26666666666666666,0.6097560975609756,0.4716981132075472,0.5319148936170213,0.5849056603773585,0.36046511627906974,0.4460431654676259,0.5814603465963866,778,22018,0.934371414462696,0.6862704920684076,1316,22018,0.9336999104971725,0.6684195132555673,2094,22018,0.935408851630465,13.514601230621338
esm2_aho_state_bias_pep_boundary_010,ok,cuda:0,,0.6596916299559471,0.5204170286707211,0.5818358426420592,0.680073126142596,0.5371841155234657,0.600242033077854,0.6708291708291708,0.5295741324921136,0.5918907007492288,0.6645926764591257,27346,309829,0.9533823327655784,0.7358147493489368,30387,309829,0.9640713036313134,0.7345156446403764,57733,309829,0.9570722598360842,12.754304245114326,0.391304347826087,0.2727272727272727,0.32142857142857145,0.7105263157894737,0.5094339622641509,0.5934065934065935,0.5901639344262295,0.4186046511627907,0.4897959183673469,0.5794180930711614,778,22018,0.9470243368722737,0.739835294326697,1316,22018,0.961776632597059,0.7044482827179052,2094,22018,0.9526717764371853,12.734529495239258
esm2_aho_transition_bias_sparse_trainable_zero,ok,cuda:0,,0.6064171122994653,0.4921875,0.5433636799233349,0.6482504604051565,0.5083032490974729,0.5698097936058276,0.6288965858485898,0.5009854158454868,0.5577007459412022,0.655616008979755,27233,309829,0.868616119019338,0.7225960204154227,30390,309829,0.6905365138334602,0.719521739276343,57623,309829,0.8232507835165642,14.451005950570107,0.35,0.21212121212121213,0.26415094339622636,0.6285714285714286,0.41509433962264153,0.5000000000000001,0.5272727272727272,0.3372093023255814,0.41134751773049644,0.5207091756383416,712,22018,0.8973473210584771,0.6624928689615008,1316,22018,0.5919684316068312,0.6545652184880882,2028,22018,0.7204515472726502,13.319692611694336
esm2_aho_tribranch,ok,cuda:0,,0.6029268292682927,0.5373913043478261,0.5682758620689655,0.6592592592592592,0.5783393501805054,0.6161538461538462,0.6334821428571429,0.5597633136094674,0.5943455497382198,0.6723007949266218,27346,309829,0.9575663438968063,0.7077791139870477,30387,309829,0.9606332789755148,0.7384901350720675,57733,309829,0.9600029149351982,25.37406075000763,0.3939393939393939,0.40625,0.4,0.6756756756756757,0.4716981132075472,0.5555555555555556,0.5428571428571428,0.4470588235294118,0.49032258064516127,0.5933199955500597,778,22018,0.9479828099961755,0.7247857938905677,1316,22018,0.9418715950091016,0.6874499877072817,2094,22018,0.9556160592678157,16.312811851501465
esm2_bond_loss_soft_l005_w5_tau15,ok,cuda:0,,0.6029723991507431,0.49391304347826087,0.5430210325047801,0.6507352941176471,0.5111913357400723,0.5725839061868176,0.6285714285714286,0.5033530571992111,0.5590361445783133,0.6635196326146424,27181,309829,0.8602910953617161,0.6891758134100631,30390,309829,0.6321295902831668,0.720315505693387,57571,309829,0.784690911564466,14.230134099721909,0.4375,0.21212121212121213,0.2857142857142857,0.6904761904761905,0.5471698113207547,0.6105263157894737,0.6206896551724138,0.4186046511627907,0.5,0.6138911699523563,762,22018,0.9040209242756962,0.7327097720471321,1316,22018,0.5400422745229085,0.7141807639467742,2078,22018,0.6943344229029726,13.21904468536377
esm2_boundary_bond_l002_w5_tau15,ok,cuda:0,,0.5957836846929423,0.5666957279860506,0.5808757819481679,0.7806176783812566,0.5288600288600288,0.6305376344086022,0.68128078817734,0.545992893801816,0.606180144641683,0.7026971253834691,27346,309829,0.9753934558529267,0.6737263776672316,30387,309829,0.9610710887271601,0.7392253090135954,57733,309829,0.9641866869942323,8.702747479081154,0.3103448275862069,0.28125,0.2950819672131148,0.7941176470588235,0.5094339622641509,0.6206896551724137,0.5714285714285714,0.4235294117647059,0.4864864864864864,0.5404298213436999,778,22018,0.95300973329654,0.7211295379419643,1316,22018,0.9575165857725154,0.6821373622819281,2094,22018,0.952040269739432,8.359415054321289
esm2_boundary_only_scale10,ok,cuda:0,,0.6493236212278877,0.5416666666666666,0.5906294368196877,0.7457446808510638,0.5057720057720058,0.6027515047291487,0.6970015781167807,0.5220646178092987,0.5969813020950665,0.6642139315879585,27346,309829,0.9756095725545674,0.6970269817583954,30387,309829,0.9687946209702296,0.739462407026705,57733,309829,0.971483391354895,8.579863160848618,0.4,0.24242424242424243,0.30188679245283023,0.7575757575757576,0.4716981132075472,0.5813953488372093,0.6226415094339622,0.38372093023255816,0.4748201438848922,0.5275206779172807,778,22018,0.9451195542193755,0.7301921499854093,1316,22018,0.9688053428019965,0.705028693320221,2094,22018,0.9644776224150339,8.681790113449097
esm2_lora_lstmcnncrf,ok,cuda:0,,0.5846153846153846,0.4306887532693984,0.49598393574297184,0.6104,0.5509025270758122,0.5791271347248577,0.6,0.49644549763033174,0.5433326129241409,0.5892551651362179,27346,309829,0.9323285474130307,0.7285968700241824,30387,309829,0.9606034867882169,0.7028198124001825,57733,309829,0.9409244256038206,14.835609065091356,0.5846153846153846,0.4306887532693984,0.49598393574297184,0.6104,0.5509025270758122,0.5791271347248577,0.6,0.49644549763033174,0.5433326129241409,0.5885787108426968,27324,309829,0.9321991063589712,0.7285968700241824,30387,309829,0.9606034867882169,0.703299228331509,57711,309829,0.9409774816202316,14.81410982063476
esm2_lora_lstmcnncrf_r4_last2_qv,ok,cuda:0,,0.6042363433667781,0.464041095890411,0.5249394673123488,0.6909272183449651,0.5003610108303249,0.5804020100502513,0.65,0.4837446141793968,0.5546822366943633,0.6475540323600066,27346,309829,0.9579803808598193,0.714546860680026,30387,309829,0.9635863557977381,0.7016409310761751,57733,309829,0.9579475363481468,16.160308722485887,0.6042363433667781,0.464041095890411,0.5249394673123488,0.6909272183449651,0.5003610108303249,0.5804020100502513,0.65,0.4837446141793968,0.5546822366943633,0.6483708393505456,27324,309829,0.9578923170724356,0.714546860680026,30387,309829,0.9635863557977381,0.7021066761958675,57711,309829,0.9579655696283671,16.15530180550636
esm2_telescoping_segmental,ok,cuda:0,,0.675,0.5625,0.6136363636363636,0.5998469778117828,0.5660649819494585,0.5824665676077266,0.631671812968681,0.5644461962948364,0.5961698584512906,0.678885381223942,27346,309829,0.9579354916856676,0.705560851376955,30387,309829,0.953779533690295,0.7314349288271528,57733,309829,0.9491360195564724,40.63059350848198,0.3333333333333333,0.28125,0.3050847457627119,0.5581395348837209,0.4528301886792453,0.5,0.4714285714285714,0.38823529411764707,0.4258064516129032,0.5537845022845147,778,22018,0.9427687125712265,0.7034106953186464,1316,22018,0.9416573446789718,0.684141508021726,2094,22018,0.9318257516096985,43.97863006591797
esmc6b_boundary_bond,ok,cuda:0,,0.658493870402802,0.6527777777777778,0.6556233653007846,0.7751196172248804,0.5724381625441696,0.6585365853658537,0.7142203932327389,0.6084924035839502,0.657130837189735,0.7301267664309772,27346,347295,0.9787943113905146,0.7311176139032375,31214,347295,0.9726403813399704,0.7645898185681165,58560,347295,0.9683145411665226,9.905996173620224,0.4230769230769231,0.34375,0.3793103448275862,0.8,0.5423728813559322,0.6464646464646464,0.6515151515151515,0.4725274725274725,0.5477707006369427,0.5948452548066273,778,29231,0.9525747462305807,0.7417639598296539,1488,29231,0.9786769809995663,0.7468310444403292,2266,29231,0.9671712652912662,9.376178979873657
esmc6b_boundary_only,ok,cuda:0,,0.7282157676348547,0.6067415730337079,0.6619519094766619,0.7538883806038427,0.5823321554770318,0.6570972886762361,0.7418570734078755,0.5933125972006221,0.6593216677468137,0.7324830480704634,27346,347295,0.976643005805405,0.7339399903779074,31214,347295,0.9714306692256673,0.7567509769045114,58560,347295,0.968161036989029,10.066642075777054,0.4,0.25,0.3076923076923077,0.7333333333333333,0.559322033898305,0.6346153846153846,0.6307692307692307,0.45054945054945056,0.5256410256410257,0.5488497024740502,778,29231,0.9399556857260751,0.7196631070559774,1488,29231,0.9813682052510387,0.7139587991377817,2266,29231,0.9657756638864836,9.485239744186401
esmc6b_boundary_w3,ok,cuda:0,,0.6282671829622459,0.5623916811091855,0.5935070873342478,0.7497812773403325,0.605225988700565,0.6697928878468152,0.6920955882352942,0.5859922178988327,0.6346396965865994,0.6899017228886446,27346,347295,0.9726961472074205,0.7421925464837883,31214,347295,0.9773354358487446,0.7502045749403201,58560,347295,0.9698189938320074,6.389403156936169,0.3181818181818182,0.21212121212121213,0.2545454545454546,0.7804878048780488,0.5423728813559322,0.64,0.6190476190476191,0.42391304347826086,0.503225806451613,0.5716328004333415,778,29231,0.9438922276279909,0.7441034616932726,1488,29231,0.984650225630877,0.6953231462441177,2266,29231,0.9689082755603723,6.071777820587158
esmc6b_telescoping,ok,cuda:0,,0.6326732673267327,0.5551694178974804,0.5913928736695974,0.6111508220157256,0.6042402826855123,0.607675906183369,0.6201743462017435,0.5822291504286827,0.6006030150753768,0.7004703166425547,27346,347295,0.9649790478005351,0.7533992975244916,31214,347295,0.9664994418481679,0.7474889331139097,58560,347295,0.9612060396047826,71.5972089767456,0.25,0.1875,0.21428571428571427,0.5636363636363636,0.5254237288135594,0.543859649122807,0.46835443037974683,0.4065934065934066,0.43529411764705883,0.5303082636871963,778,29231,0.9329990096869261,0.7368363801536697,1488,29231,0.9728619788426723,0.7020230560019357,2266,29231,0.9588157084409868,69.75090789794922
esmc_6b,ok,cuda:0,,0.525679758308157,0.6046915725456126,0.5624242424242425,0.6133633633633634,0.5773851590106007,0.5948307244266472,0.5696536144578314,0.5896336710833983,0.5794714668709307,0.7281713001839999,27346,347295,0.9714701781679794,0.7461941442523347,31214,347295,0.9706203615971858,0.7583097626808274,58560,347295,0.9679415362255707,27.543518841266632,0.3333333333333333,0.34375,0.3384615384615385,0.6590909090909091,0.4915254237288136,0.5631067961165048,0.5194805194805194,0.43956043956043955,0.47619047619047616,0.612176403756396,778,29231,0.9211018811792359,0.6842280182927254,1488,29231,0.9674738013928922,0.6857538820233829,2266,29231,0.9473472608161768,28.404318809509277
scaling_trainfrac50,ok,cuda:0,,0.45396536007292615,0.4326672458731538,0.44306049822064053,0.6056945642795514,0.5068592057761733,0.5518867924528301,0.5319148936170213,0.47318611987381703,0.5008347245409016,0.6282213258133186,27346,309829,0.9465570717620782,0.6663874180500352,30387,309829,0.9402019573829128,0.6779866564513918,57733,309829,0.9359211832428012,23.380631029605865,0.17857142857142858,0.15151515151515152,0.16393442622950818,0.5116279069767442,0.41509433962264153,0.45833333333333337,0.38028169014084506,0.313953488372093,0.34394904458598724,0.5247176257470044,778,22018,0.897833367221956,0.661516060556224,1316,22018,0.9234753760043741,0.6298145846555835,2094,22018,0.9117947148543644,24.551830291748047
scaling_trainfrac60,ok,cuda:0,,0.5287569573283859,0.4973821989528796,0.512589928057554,0.6021069692058347,0.5364620938628158,0.5673921344024436,0.5679065743944637,0.5187672856578428,0.5422258930415033,0.6671930832291185,27346,309829,0.9547053925606637,0.6874162347046661,30387,309829,0.949812219123026,0.7089782896840255,57733,309829,0.9427773185728842,19.58035644888878,0.36363636363636365,0.25,0.2962962962962963,0.4528301886792453,0.4528301886792453,0.4528301886792453,0.4266666666666667,0.3764705882352941,0.39999999999999997,0.5455788587775372,778,22018,0.934394047221375,0.6977549211683223,1316,22018,0.9333693219074322,0.6906975663498589,2094,22018,0.9283537710731533,18.91493320465088
scaling_trainfrac70,ok,cuda:0,,0.5402621722846442,0.5026132404181185,0.5207581227436824,0.5789068514241724,0.5429602888086643,0.5603576751117734,0.5614702154626109,0.5246742992499013,0.5424489795918367,0.6387779485217618,27346,309829,0.9577929883414709,0.6885138436083714,30387,309829,0.9546231212706816,0.7052513520810026,57733,309829,0.9503722645471179,17.726107120513916,0.3125,0.3125,0.3125,0.4230769230769231,0.41509433962264153,0.4190476190476191,0.38095238095238093,0.3764705882352941,0.378698224852071,0.5105072188891557,778,22018,0.9421708204435536,0.6663830455309971,1316,22018,0.945995629396041,0.6296886049416124,2094,22018,0.9400478743772659,18.627833366394043
scaling_trainfrac80,ok,cuda:0,,0.5873563218390805,0.4435763888888889,0.5054401582591495,0.5584,0.503971119133574,0.5297912713472486,0.5702830188679245,0.47654710287741425,0.5192183809319304,0.6093406230372406,27346,309829,0.9464549517679878,0.693866510794396,30387,309829,0.9561414621620125,0.687998633094342,57733,309829,0.9449441127991937,16.0639029443264,0.4375,0.21212121212121213,0.2857142857142857,0.38,0.3584905660377358,0.3689320388349514,0.3939393939393939,0.3023255813953488,0.34210526315789475,0.5608985439137616,778,22018,0.9501417270610334,0.7050904858121749,1316,22018,0.96580020387734,0.7029327117895969,2094,22018,0.961022348151246,13.22606372833252
scaling_trainfrac90,ok,cuda:0,,0.6242424242424243,0.5387968613775065,0.5783809078146934,0.5866236905721193,0.5256317689530686,0.5544554455445545,0.6033168982519049,0.5315955766192733,0.5651900062985512,0.683681800641973,27346,309829,0.9518936764770707,0.7096816098552693,30387,309829,0.9593134638508629,0.7235536105309238,57733,309829,0.9505283093240193,16.354492127895355,0.375,0.28125,0.32142857142857145,0.5434782608695652,0.4716981132075472,0.5050505050505051,0.4857142857142857,0.4,0.43870967741935485,0.5632510926971128,778,22018,0.9458767833887656,0.7232874477586941,1316,22018,0.9600589410476471,0.6857992331699797,2094,22018,0.9492054525439267,14.683151721954346
train_run_3di_only,ok,cuda:0,,0.17304189435336975,0.08161512027491409,0.11091652072387626,0,0.0,0,0.17304189435336975,0.03725490196078431,0.061310100032268465,0.3724903249906911,27346,309829,0.9033066235426535,,30387,309829,0.9116086816471258,0.34555577383141783,57733,309829,0.9052448744120027,20.56164526939392,0.0,0.0,0,0,0.0,0,0.0,0.0,0,0.19141944980082734,778,22018,0.8824825171016515,,1316,22018,0.9060562038409281,0.19392449316968433,2094,22018,0.8954374521941736,21.373430252075195
train_run_aft,ok,cuda:0,,0.4643765903307888,0.323868677905945,0.3815995818086775,0.6108452950558214,0.2779390420899855,0.3820448877805486,0.5293701344656758,0.29860279441117765,0.38182746299132214,0.4975414336377148,26742,316314,0.946603820797561,0.5220039528018187,30239,316314,0.9519587466539292,0.5495586218178369,56981,316314,0.9455721526227145,10.37938525599818,0.16666666666666666,0.0625,0.09090909090909091,0.56,0.25,0.34567901234567905,0.43243243243243246,0.18181818181818182,0.256,0.31198823999681274,726,26008,0.9290773082385513,0.5529086813206906,1412,26008,0.9708644528440793,0.4908142049570561,2138,26008,0.9520086781259418,9.896435260772705
train_run_aft_no_lddt,ok,cuda:0,,0.363780778395552,0.4089285714285714,0.3850357292980243,0.616,0.3352685050798258,0.4342105263157895,0.4579392732702837,0.36829463570856685,0.4082538273796317,0.5440478501861584,26742,316314,0.9435251345727195,0.5280591145535753,30239,316314,0.9301325955243386,0.615472486973409,56981,316314,0.943003920663908,10.310025384349208,0.1794871794871795,0.21875,0.19718309859154928,0.3235294117647059,0.19642857142857142,0.2444444444444444,0.2465753424657534,0.20454545454545456,0.22360248447204967,0.42196418040952643,726,26008,0.9225807818931926,0.5305040156365898,1412,26008,0.9553345375719214,0.5212953659689092,2138,26008,0.9467428419373258,10.660335540771484
train_run_aft_plddt70,ok,cuda:0,,0.065,0.07428571428571429,0.06933333333333333,0.5310492505353319,0.3171355498721228,0.3971176941553243,0.3160322952710496,0.2420494699646643,0.2741370685342671,0.4831639288536264,9045,222308,0.9515621680901033,0.5173321466972908,15076,222308,0.9445538283339603,0.5787944907755944,24121,222308,0.9496741020030546,12.415716099739075,0,0.0,0,0.5357142857142857,0.375,0.44117647058823534,0.5357142857142857,0.3191489361702128,0.4,,70,19404,0.8571886683710415,0.6998278519850298,989,19404,0.9702575191071375,0.6822813935574473,1059,19404,0.9727721040769575,9.20195484161377
train_run_aft_single,ok,cuda:0,,0.5228215767634855,0.2226148409893993,0.31226765799256506,0.605072463768116,0.24238026124818576,0.34611398963730566,0.5667311411992263,0.23346613545816733,0.3306997742663657,0.46770622719466354,26742,316314,0.9341691621138168,0.525353753275052,30239,316314,0.94512172568448,0.5311772753871176,56981,316314,0.9391820214375965,10.711708068847656,0.16666666666666666,0.029411764705882353,0.05,0.47619047619047616,0.17857142857142858,0.2597402597402597,0.4074074074074074,0.12222222222222222,0.18803418803418803,0.2545962923996917,726,26008,0.9406556303845787,0.5277202205735633,1412,26008,0.9688264046711572,0.4755559507732103,2138,26008,0.9470350193576604,9.753024578094482
train_run_esm2,ok,cuda:0,,0.6486486486486487,0.5654450261780105,0.6041958041958043,0.6334630350194552,0.5877256317689531,0.6097378277153559,0.6401050788091068,0.5776372975108652,0.6072689511941849,0.6943160281960294,27346,309829,0.9689565605963051,0.7446662456802428,30387,309829,0.963108578921947,0.7503412795806579,57733,309829,0.9633177261251709,12.313548415899277,0.37037037037037035,0.3125,0.3389830508474576,0.5510204081632653,0.5094339622641509,0.5294117647058822,0.4868421052631579,0.43529411764705883,0.45962732919254656,0.5524515751846932,778,22018,0.9462625690480686,0.7437080042400933,1316,22018,0.9600990785730878,0.6928764837800778,2094,22018,0.9472431126532974,12.512550354003906
train_run_esm2+3di_proj,ok,cuda:0,,0.6033519553072626,0.5649520488230165,0.5835209365150833,0.6632478632478632,0.5602888086642599,0.6074363992172211,0.6345811051693404,0.5624012638230648,0.5963149078726967,0.6980290453259401,27346,309829,0.9336100008458519,0.7111051299179377,30387,309829,0.9200062941675675,0.7448249567076788,57733,309829,0.9187074466053617,15.785496160387993,0.30303030303030304,0.3125,0.3076923076923077,0.6410256410256411,0.4716981132075472,0.5434782608695652,0.4861111111111111,0.4117647058823529,0.445859872611465,0.5188648792181909,778,22018,0.897443496773319,0.6457087172615039,1316,22018,0.8760751424395804,0.6281239634967162,2094,22018,0.9163615434927798,15.572855472564697
train_run_esm2+3di_proj_gated,ok,cuda:0,,0.6116173120728929,0.46777003484320556,0.5301085883514314,0.7978580990629184,0.43001443001443,0.5588373183309892,0.6972307692307692,0.44711917916337807,0.5448425102188026,0.6037556141926765,27346,309829,0.8375914699401417,0.6821981459462699,30387,309829,0.8058035147057672,0.6592318676197922,57733,309829,0.8066480595681012,14.746767282485962,0.42105263157894735,0.25806451612903225,0.31999999999999995,0.9259259259259259,0.4716981132075472,0.625,0.717391304347826,0.39285714285714285,0.5076923076923077,0.4682339122596884,778,22018,0.7548015942176327,0.65773480878814,1316,22018,0.6830679142346788,0.6107070160089042,2094,22018,0.7170634154773813,16.900163650512695
train_run_esm2+3di_proj_gated_conv,ok,cuda:0,,0.6642335766423357,0.5519930675909879,0.6029342167534312,0.653012048192771,0.5870036101083033,0.6182509505703423,0.6578947368421053,0.5710909807010635,0.6114273666455831,0.6822210467900813,27346,309829,0.9158608052822765,0.7080539359447113,30387,309829,0.9082320119211701,0.731106356979067,57733,309829,0.9119889142674316,16.256927758455276,0.34782608695652173,0.24242424242424243,0.28571428571428575,0.7,0.5283018867924528,0.6021505376344085,0.5714285714285714,0.4186046511627907,0.48322147651006714,0.610248351781721,778,22018,0.8727312777463097,0.7198770115941666,1316,22018,0.9044067295672649,0.724190749603831,2094,22018,0.9011933983329586,11.391581535339355
train_run_esm2_100,ok,cuda:0,,0.6739884393063584,0.5056374674761491,0.5777998017839445,0.6456228956228957,0.5537906137184115,0.5961912164788186,0.6575742815392109,0.5319148936170213,0.5881071661947288,0.6650803461335327,27346,309829,0.9523690767401076,0.7382759954820457,30387,309829,0.9617079331130366,0.7294454207569985,57733,309829,0.9542762738111645,15.122259020805359,0.4,0.24242424242424243,0.30188679245283023,0.6829268292682927,0.5283018867924528,0.5957446808510638,0.5901639344262295,0.4186046511627907,0.4897959183673469,0.5967506574966711,778,22018,0.9307658465619992,0.7288346264754213,1316,22018,0.9499577739284253,0.7158232146062025,2094,22018,0.9383547883101921,14.51624345779419
train_run_esm2_25,ok,cuda:0,,0.33275862068965517,0.3541284403669725,0.3431111111111111,0.5752380952380952,0.43768115942028984,0.49711934156378595,0.4479638009049774,0.4008097165991903,0.4230769230769231,0.54275624453035,12754,162968,0.9377375839208093,0.6299337219699407,14843,162968,0.9523139249602945,0.6470723060775493,27597,162968,0.9427017667556981,28.966060757637024,0.15625,0.2,0.17543859649122806,0.56,0.5,0.5283018867924528,0.3333333333333333,0.3584905660377358,0.34545454545454546,0.4911187286305793,536,11924,0.9436212640695365,0.6795128613990574,661,11924,0.9391510338095781,0.624877952679413,1197,11924,0.9320952391855621,37.85502624511719
train_run_esm2_50,ok,cuda:0,,0.41367521367521365,0.4432234432234432,0.42793987621573826,0.5965811965811966,0.5057971014492754,0.5474509803921569,0.5051282051282051,0.47815533980582525,0.49127182044887785,0.6518372069488302,12754,162968,0.9359410343015957,0.6905511983493006,14843,162968,0.9647990857899176,0.7046019590209209,27597,162968,0.9455005229198534,20.931752026081085,0.25806451612903225,0.32,0.2857142857142857,0.625,0.5357142857142857,0.576923076923077,0.41818181818181815,0.4339622641509434,0.42592592592592593,0.5680848586524258,536,11924,0.9420778418235484,0.7732916015532615,661,11924,0.9609982373033253,0.6849358422389702,1197,11924,0.9422284775672439,24.216829299926758
train_run_esm2_75,ok,cuda:0,,0.6351531291611185,0.5665083135391924,0.5988700564971752,0.5510416666666667,0.5047709923664122,0.5268924302788844,0.5879602571595558,0.5322751322751322,0.5587336850874757,0.7193537047623186,20439,231696,0.9729753290424874,0.6902632391944131,22980,231696,0.9550051369039604,0.7395299462036182,43419,231696,0.9609680696686257,14.365087906519571,0.3684210526315789,0.3684210526315789,0.3684210526315789,0.39473684210526316,0.38461538461538464,0.38961038961038963,0.38596491228070173,0.3793103448275862,0.38260869565217387,0.6191381966426025,455,16493,0.9667816408557149,0.6336413023562537,1027,16493,0.9283980779650333,0.6590116894204089,1482,16493,0.9398302693184691,17.434452056884766
train_run_esm2_adamw,ok,cuda:0,,0.5602240896358543,0.5235602094240838,0.5412719891745601,0.6419098143236074,0.524187725631769,0.5771065182829889,0.6021798365122616,0.5239035954168313,0.5603211493767167,0.6872790435659885,27346,309829,0.968435309125261,0.7026532059980797,30387,309829,0.9657752450417076,0.7286084824650614,57733,309829,0.961908408420251,16.74365124106407,0.3225806451612903,0.3125,0.3174603174603175,0.5853658536585366,0.4528301886792453,0.5106382978723404,0.4722222222222222,0.4,0.4331210191082802,0.5281960506529061,778,22018,0.9384698802763376,0.7343274838090067,1316,22018,0.962792972735994,0.691422271163981,2094,22018,0.9516378810636099,17.011308193206787
train_run_esm2_aft,ok,cuda:0,,0.5382608695652173,0.5531724754244861,0.5456148082855884,0.6408934707903781,0.5445255474452555,0.5887924230465668,0.5898876404494382,0.5484130172760144,0.5683947532792005,0.6632741117555022,26742,306878,0.9568010841901045,0.6883024813262455,30064,306878,0.9497691397163136,0.7315601502692666,56806,306878,0.9544002485964462,23.476014691014445,0.2777777777777778,0.3225806451612903,0.29850746268656714,0.6046511627906976,0.49056603773584906,0.5416666666666665,0.45569620253164556,0.42857142857142855,0.4417177914110429,0.5310329706377389,726,22018,0.9273941919493812,0.6970095742827286,1316,22018,0.9286241744553408,0.6628285653328455,2042,22018,0.9479104234581986,20.092846870422363
train_run_esm2_aft_no_lddt_gated,ok,cuda:0,,0.5458593054318789,0.5453736654804271,0.5456163773920785,0.6215767634854772,0.5467153284671533,0.581747572815534,0.5850515463917526,0.5461106655974338,0.5649108253836582,0.6924049798276838,26742,306878,0.9579072522515946,0.69252406880701,30064,306878,0.9520595263165953,0.7442928198357568,56806,306878,0.9592115969702933,30.51609150055916,0.36666666666666664,0.3333333333333333,0.3492063492063492,0.5777777777777777,0.49056603773584906,0.5306122448979591,0.49333333333333335,0.43023255813953487,0.45962732919254656,0.5425950007882152,726,22018,0.9113192062720694,0.7096783900473352,1316,22018,0.9304412279447325,0.6849535512561303,2042,22018,0.9338830372156676,23.163456916809082
train_run_esm2_aft_pair_gated,ok,cuda:0,,0.6060903732809431,0.5479573712255773,0.5755597014925374,0.6938775510204082,0.545985401459854,0.611111111111111,0.6512404580152672,0.546875,0.5945121951219513,0.6799914904978117,26742,306878,0.8680717288631629,0.699890211576444,30064,306878,0.8824042109248389,0.7221093501400925,56806,306878,0.8714508664626793,29.937981051783407,0.36363636363636365,0.24242424242424243,0.2909090909090909,0.7419354838709677,0.4339622641509434,0.5476190476190477,0.5849056603773585,0.36046511627906974,0.4460431654676259,0.6142130679726855,726,22018,0.8284947682726191,0.6767707173176718,1316,22018,0.7676228329406818,0.6779374499794006,2042,22018,0.7841010829057553,20.832548141479492
train_run_esm2_aft_plddt70,ok,cuda:0,,0.5643564356435643,0.48857142857142855,0.5237366003062787,0.6050531914893617,0.5848329048843187,0.5947712418300654,0.5933649289099526,0.5549645390070922,0.5735226752175905,0.5669710484658674,9045,216860,0.9190819778514416,0.7024387704113084,14975,216860,0.9635459865889203,0.6617386642345863,24020,216860,0.9374944829647424,48.92219533920288,0.0,0.0,0,0.5882352941176471,0.5263157894736842,0.5555555555555555,0.5405405405405406,0.4444444444444444,0.4878048780487805,-0.004252217227554368,70,16532,0.38095006682055643,0.7635902901273408,919,16532,0.9719810233192716,0.7315783658275161,989,16532,0.9325552836981096,24.03653907775879
train_run_esm2_aft_single_gated,ok,cuda:0,,0.6121097445600757,0.5776785714285714,0.5943959577400091,0.6124031007751938,0.518978102189781,0.5618332674832082,0.612263300270514,0.5453815261044177,0.5768903993203058,0.6846047994693737,26742,306878,0.9367038475507223,0.6739703652695078,30064,306878,0.9350932082497873,0.7220360104304537,56806,306878,0.932937483986656,29.077197905509703,0.44,0.34375,0.3859649122807018,0.5813953488372093,0.4716981132075472,0.5208333333333334,0.5294117647058824,0.4235294117647059,0.47058823529411764,0.581494013298673,726,22018,0.8783259817963419,0.6896534176018,1316,22018,0.8766871525268545,0.6922105375830565,2042,22018,0.8906284260015055,21.33420753479004
train_run_esm2_conv,ok,cuda:0,,0.5518744551002616,0.5490026019080659,0.5504347826086957,0.61998361998362,0.5465703971119134,0.5809669992325402,0.5869932432432432,0.5476753349093775,0.5666530778638401,0.6532796264830614,27346,309829,0.9547508367667948,0.6810337222922639,30387,309829,0.9544338122954195,0.7206400122369876,57733,309829,0.9505287054280224,30.773453056812286,0.36,0.28125,0.3157894736842105,0.6190476190476191,0.49056603773584906,0.5473684210526316,0.5223880597014925,0.4117647058823529,0.4605263157894737,0.5280678665732784,778,22018,0.8964259606214204,0.684650581967692,1316,22018,0.9525119667453537,0.6689697850319948,2094,22018,0.9399775977750792,20.30516767501831
train_run_esm2_only_homo,ok,cuda:0,,0.05555555555555555,0.030303030303030304,0.0392156862745098,0.7916666666666666,0.3584905660377358,0.49350649350649345,0.47619047619047616,0.23255813953488372,0.3125,0.41827645231849714,712,22018,0.9602454127496922,0.6109185774776055,1316,22018,0.9590934564564927,0.541783390668276,2028,22018,0.9529000940312365,31.728264808654785,,,,,,,,,,,,,,,,,,,,,,
train_run_esm2_plus,ok,cuda:0,,0.6363636363636364,0.4856895056374675,0.5509099852434826,0.6657276995305165,0.511913357400722,0.5787755102040817,0.6524421593830334,0.5,0.5661387463751951,0.6531514884962051,27346,309829,0.950636222756496,0.7351231952147813,30387,309829,0.9609853174583135,0.7303443278135403,57733,309829,0.9481553369178173,14.164252132177353,0.5263157894736842,0.30303030303030304,0.38461538461538464,0.6923076923076923,0.5094339622641509,0.5869565217391305,0.6379310344827587,0.43023255813953487,0.5138888888888888,0.618545610728018,778,22018,0.9293971093004904,0.730090800514505,1316,22018,0.9531389343466807,0.7153442266988532,2094,22018,0.9397550472118789,13.61433458328247
train_run_esm2_plus_proj_gated,ok,cuda:0,,0.5606585788561526,0.5645724258289704,0.562608695652174,0.6370250606305577,0.5689530685920577,0.601067887109077,0.6001672940192389,0.5669695772421968,0.5830963023161316,0.7288475353169438,27346,309829,0.9706462935467077,0.7044770703852383,30387,309829,0.9525615383582828,0.7603741303857773,57733,309829,0.9567184058388705,23.102879613637924,0.2926829268292683,0.375,0.32876712328767116,0.6222222222222222,0.5283018867924528,0.5714285714285715,0.46511627906976744,0.47058823529411764,0.4678362573099415,0.48492014716094806,778,22018,0.9348772626707139,0.7038849649586476,1316,22018,0.9462227266707561,0.6661325397620003,2094,22018,0.9412643882474511,24.14762020111084
train_run_esmc_600m,ok,cuda:0,,0.6048298572996706,0.4803836094158675,0.5354713313896987,0.6553191489361702,0.5441696113074205,0.5945945945945946,0.6332694151486098,0.5156128024980484,0.5684165232358004,0.6289456550262125,27346,347295,0.9584421257881595,0.7060269995548988,31214,347295,0.9601402739703533,0.7132876498491912,58560,347295,0.9536599209823404,14.94367940723896,0.3333333333333333,0.15151515151515152,0.20833333333333331,0.6808510638297872,0.5423728813559322,0.6037735849056605,0.5967741935483871,0.40217391304347827,0.48051948051948057,0.5616656641332524,778,29231,0.9387320017307216,0.6821196636255431,1488,29231,0.9405180406837101,0.6791548105473743,2266,29231,0.9391694211826026,13.83512830734253
train_run_prostt5,ok,cuda:0,,0.5412541254125413,0.4270833333333333,0.4774381368267831,0.6281929990539262,0.4676056338028169,0.5361324182478805,0.5879959308240081,0.4494556765163297,0.509475539885412,0.5909203062200007,27346,365409,0.945014042889448,0.7035870197187297,31278,365409,0.9657667788168793,0.7188668876646663,58624,365409,0.9570733403264935,13.62195179679177,0.47368421052631576,0.2727272727272727,0.34615384615384615,0.6274509803921569,0.5333333333333333,0.5765765765765766,0.5857142857142857,0.44086021505376344,0.5030674846625767,0.5888336893898917,778,32854,0.9091636797054297,0.7155049080524852,1500,32854,0.9677282430737174,0.6951648148651123,2278,32854,0.9524952346036002,12.300545692443848
train_run_prostt5_plus,ok,cuda:0,,0.5455531453362256,0.4366319444444444,0.485053037608486,0.6007789678675755,0.4345070422535211,0.5042909685328975,0.5746536685479733,0.4354587869362364,0.495465604954656,0.5753530044618937,27346,365409,0.9158269639879068,0.685444084535335,31278,365409,0.9675860026251255,0.6969326738817297,58624,365409,0.9433005284819077,18.37035950747403,0.43478260869565216,0.30303030303030304,0.35714285714285715,0.5909090909090909,0.43333333333333335,0.5,0.5373134328358209,0.3870967741935484,0.45,0.5663118340582827,778,32854,0.9008296010343045,0.7012836517276004,1500,32854,0.972671918521826,0.7087399480804014,2278,32854,0.9588636401747842,14.663405895233154
uni2026_run_esm2,ok,cuda:0,,0.7617135207496654,0.36242038216560507,0.49115235217954256,0.7243243243243244,0.3931924882629108,0.5096995055154051,0.7410287081339713,0.3784361637141112,0.5010109179134655,0.5871687460402768,32228,480871,0.9047334542377663,0.6030238901794387,34664,480871,0.9476969143735758,0.608859349365708,66892,480871,0.9269716254063186,15.50114701986313,0.8148148148148148,0.30985915492957744,0.4489795918367347,0.6382978723404256,0.410958904109589,0.4999999999999999,0.7027027027027027,0.3611111111111111,0.47706422018348627,0.6054598030168288,1480,35648,0.8312074736437445,0.6894421083497464,1615,35648,0.9427117861110764,0.6415655237370825,3095,35648,0.8890063163801921,12.420366605122885
