protein_id,motif_cluster
A0A023IWD9,7
A0A023IWE0,7
A0A023IWE1,7
A0A023IWE2,7
A0A023IWE3,7
A0A023IWG1,7
A0A023IWG2,7
A0A023IWG3,7
A0A023IWG4,7
A0A023IWI4,7
A0A023IWI5,7
A0A023IWI6,7
A0A023IWI8,7
A0A023IWK3,7
A0A023IWK4,7
A0A023IWK5,7
A0A023IWK6,7
A0A023IWK7,7
A0A023IWM4,7
A0A023IWM5,7
A0A023IWM6,7
A0A023IWM7,7
A0A023IWM8,7
A0A023UA23,40
A0A023UBA8,40
A0A023UBX6,40
A0A023UBY3,40
A0A023UCA6,7
A0A023UCC1,40
A0A023VZF1,34
A0A023VZM6,34
A0A023W082,34
A0A023W090,34
A0A023W0B6,11
A0A023W0C3,11
A0A023W0U0,34
A0A023W0V9,13
A0A023W0W9,13
A0A023W123,34
A0A023W140,13
A0A023W145,13
A0A023W157,11
A0A023W163,11
A0A023W168,13
A0A024SC78,31
A0A024SH76,31
A0A024SIB3,31
A0A059J5P2,31
A0A059T2H4,49
A0A059U8Y9,11
A0A059UI21,46
A0A059UI30,49
A0A067SLB9,7
A0A068B0Z6,13
A0A068B409,40
A0A068B6Q6,39
A0A072TRR8,11
A0A072UTP9,34
A0A072V9Z0,11
A0A077DF94,1
A0A084G2W8,46
A0A088BP94,49
A0A088MI62,8
A0A088MIT0,13
A0A088SG62,34
A0A090CRQ9,2
A0A096P2H4,17
A0A096ZEC9,7
A0A0A0V633,49
A0A0A0V662,49
A0A0A0VBR5,49
A0A0A0VBX4,46
A0A0A1I6E7,35
A0A0A1I6N9,35
A0A0A7DNP6,24
A0A0B4JDK1,28
A0A0B5A7M7,34
A0A0B5A7N1,17
A0A0B5A7N5,17
A0A0B5A7N8,34
A0A0B5A7P2,28
A0A0B5A8P4,28
A0A0B5A8P8,17
A0A0B5A8Q2,28
A0A0B5A8Q6,34
A0A0B5ABD5,13
A0A0B5ABD9,34
A0A0B5ABE4,17
A0A0B5ABE6,17
A0A0B5AC86,28
A0A0B5AC90,15
A0A0B5AC95,28
A0A0B5AC98,17
A0A0B5ADT3,34
A0A0B5ADT9,17
A0A0B5ADU4,15
A0A0B5ADV0,34
A0A0C3RR82,29
A0A0C4G489,40
A0A0C4G4L1,35
A0A0C4G5K0,24
A0A0D1CKI0,19
A0A0D1DPX0,19
A0A0D4WTV1,34
A0A0E3SVB8,34
A0A0E3SVE7,34
A0A0F6QDA5,12
A0A0F7YYV0,28
A0A0F7YZQ7,24
A0A0G2K7V7,40
A0A0G3F8Z3,37
A0A0H3H546,20
A0A0K1YW63,40
A0A0K8TU78,39
A0A0K8TUE2,34
A0A0N7CSQ4,39
A0A0N7FMT9,35
A0A0N7KBN8,48
A0A0N9LWM6,11
A0A0P0UTI6,29
A0A0P0UTJ1,39
A0A0P0UTQ7,11
A0A0R4IKU3,2
A0A125S9D8,46
A0A125S9D9,49
A0A125S9E0,37
A0A125S9E1,24
A0A125S9E2,40
A0A125S9E4,46
A0A125S9E5,46
A0A125S9E6,48
A0A125S9E9,46
A0A125S9F0,46
A0A125S9F2,49
A0A125S9F3,49
A0A125S9F6,13
A0A125S9F9,40
A0A125S9G0,14
A0A125S9G2,48
A0A125S9G3,48
A0A139GI49,29
A0A141TBR6,46
A0A142C197,40
A0A142I730,29
A0A144LUY5,34
A0A144LVL3,34
A0A144LVM3,49
A0A146F0J0,31
A0A193H2U2,13
A0A193H2X2,13
A0A193H327,13
A0A193H329,8
A0A193H356,48
A0A193H361,8
A0A193H362,8
A0A193H365,8
A0A193H395,8
A0A193H396,8
A0A193H397,8
A0A1B0GVD1,40
A0A1B7XV12,11
A0A1D0BN92,49
A0A1D0BNA3,37
A0A1D0BR67,31
A0A1D0BRB0,37
A0A1D0BRC1,42
A0A1D0BZF5,31
A0A1D0BZI2,35
A0A1D0C0W1,49
A0A1D3IXJ5,35
A0A1D3IXR7,11
A0A1D3IY23,34
A0A1D5PPP7,7
A0A1D5PUP4,2
A0A1E1WVR9,11
A0A1I9KNP0,16
A0A1I9LMX5,29
A0A1L2F565,24
A0A1L2FZD4,40
A0A1L4BJ42,46
A0A1L4BJ46,40
A0A1M4BLT1,15
A0A1P8NVR4,39
A0A1P8NVR5,39
A0A1P8NVS2,39
A0A1P8NVS3,39
A0A1P8NVS8,39
A0A1P8NVS9,39
A0A1P8NVT3,39
A0A1P8NVU0,39
A0A1P8NVU1,39
A0A1P8VFM2,11
A0A1Q3EPD6,11
A0A1R3S3A8,34
A0A1S3PBB7,34
A0A1S6EK91,40
A0A1S6EK92,40
A0A1X9QHL1,31
A0A218QWY8,34
A0A219CM62,13
A0A219CMY0,13
A0A286LEZ8,33
A0A291NVT7,18
A0A2D1P890,48
A0A2I4QAG8,49
A0A2I6EDL2,40
A0A2I6EDL3,40
A0A2I6EDL4,47
A0A2I6EDL5,48
A0A2I6EDL6,15
A0A2I6EDL7,15
A0A2I6EDM1,40
A0A2I6EDM2,39
A0A2I6EDM5,48
A0A2I6EDM8,48
A0A2I6EDM9,40
A0A2I6EDN0,34
A0A2I6EDN1,46
A0A2I6EDN2,40
A0A2I6EDN3,40
A0A2I6EDN5,39
A0A2I6EDN8,34
A0A2I8B346,39
A0A2I8B352,39
A0A2L1DGG0,39
A0A2L2DDD0,8
A0A2L2DDE6,8
A0A2L2P6T1,13
A0A2L2P6T9,12
A0A2R2JFI5,11
A0A2U8JCR5,13
A0A2Y9GHM8,17
A0A2Z5Z9H5,49
A0A2Z5Z9X0,49
A0A315,32
A0A318,7
A0A330KUG5,14
A0A330KW27,14
A0A331,7
A0A345GPN1,49
A0A346CED7,12
A0A346CIA0,49
A0A346CIB2,49
A0A346CIB3,49
A0A348G5V8,25
A0A348G5V9,39
A0A348G5W0,11
A0A348G5W1,35
A0A348G5W2,13
A0A348G6I7,13
A0A348G6I9,11
A0A348G6J0,25
A0A348G6J1,34
A0A384E129,12
A0A384J6C4,2
A0A384JN58,2
A0A384K116,2
A0A3G1VU73,48
A0A3G1VU77,48
A0A3G1VU78,48
A0A3G1VU81,48
A0A3G1VU84,40
A0A3G3C7R5,34
A0A3G3C7S0,39
A0A3G3C7S2,40
A0A3G3C7S9,39
A0A3G3C7T2,34
A0A3G3C7T5,39
A0A3G3C7T9,40
A0A3G3C7U1,40
A0A3G3C7U2,39
A0A3G3C7U4,40
A0A3G3C7U7,14
A0A3G3C7U9,15
A0A3G3C7V0,39
A0A3G3C7V6,13
A0A3G3C7V7,39
A0A3G3C7W0,12
A0A3G5BIB1,31
A0A3G5BIB4,49
A0A3G5BIC2,49
A0A3G6IHA6,40
A0A3P8MJV5,49
A0A3S9V8K6,34
A0A3S9V8L7,28
A0A3S9V8L9,15
A0A4P8XV20,34
A0A4P9I8G4,2
A0A4S8L4Q5,11
A0A4Y5X186,18
A0A4Y5X1A7,34
A0A4Y7TJF3,40
A0A5C1ZW08,34
A0A5C1ZXT8,34
A0A5C2A2T2,34
A0A5C3KU62,40
A0A5P9K461,15
A0A5P9K470,13
A0A5P9K5G4,25
A0A5P9K6A8,13
A0A5P9K9Z4,13
A0A5P9NYS6,13
A0A5Q0MU22,15
A0A5Q0MUM5,40
A0A5Q0MUT1,40
A0A679PF76,39
A0A6B7FA07,34
A0A6B7FBD3,49
A0A6B7FEJ3,34
A0A6B9L8Y4,40
A0A6B9L900,25
A0A6G9KHD1,40
A0A6G9KHD3,34
A0A6G9KHD6,15
A0A6G9KHE4,39
A0A6G9KIR5,40
A0A6G9KIT6,39
A0A6G9KJK9,15
A0A6G9KJV6,25
A0A6M3Z4D9,11
A0A6M3Z4E7,39
A0A6M3Z4L2,39
A0A6M3Z4R1,39
A0A6M3Z4R4,34
A0A6M3Z541,34
A0A6M3Z554,40
A0A6M3Z9I6,40
A0A6M6R9M4,39
A0A6M6RE84,39
A0A7J6KDB0,46
A0A7M6UNN1,46
A0A8J9SEV3,29
A0A8U0LTF0,39
A0A8U0LTF5,39
A0A8U0LTY4,39
A0A976XKR0,49
A0AAD6J456,2
A0AEI5,25
A0AEI6,25
A0AIY9,44
A0B5B1,21
A0C767,34
A0FKN6,3
A0JMK6,41
A0JNL5,33
A0JNQ7,31
A0MLS4,28
A0NDK8,4
A0Q1T6,44
A0RJ49,44
A0RXV1,21
A0RZB4,33
A0S864,49
A0S865,49
A0SE59,34
A0SE60,13
A0SIF1,23
A0SIX6,23
A0SN38,25
A0SN42,25
A0SN45,13
A0SPI0,34
A0SPI1,13
A0T099,7
A0T0G9,32
A0T0S8,7
A0T0W2,32
A0ZT93,49
A0ZZ15,32
A0ZZ18,7
A1A4K5,46
A1C7B5,2
A1CBR4,31
A1CD22,2
A1CIV8,31
A1CVV8,31
A1D145,31
A1DAQ2,31
A1DBP9,31
A1DDK1,31
A1DHY9,2
A1DJ47,2
A1E9Q4,32
A1E9Q7,7
A1E9R0,7
A1E9Y8,32
A1E9Z1,7
A1E9Z4,7
A1EC31,11
A1JKC3,3
A1KXI1,16
A1L453,16
A1R6Q7,21
A1RSJ8,21
A1RWY6,21
A1RX71,21
A1SK13,21
A1X8B6,34
A1X8B8,40
A1X8B9,40
A1X8C2,40
A1X8C3,40
A1X8C6,40
A1X8D0,34
A1X8D1,39
A1X8D6,40
A1X8D8,34
A1X8D9,40
A1XFV1,7
A1XQU1,21
A1Z0M0,17
A1ZB63,40
A1ZB64,40
A2A5I3,1
A2BDG0,11
A2BDG5,2
A2BDG9,2
A2BN24,21
A2BN27,21
A2BP21,32
A2BP71,7
A2BUK1,32
A2BUQ3,7
A2C057,32
A2C0A5,7
A2C6Q1,32
A2CCL2,7
A2D4U1,46
A2D670,46
A2QAH3,31
A2QBB6,31
A2QBQ3,2
A2QCV8,31
A2QH21,2
A2QL39,31
A2QTS4,2
A2QYT9,2
A2R3L3,31
A2R5S4,31
A2R8F8,31
A2RLA2,44
A2SS78,21
A2T309,32
A2T329,7
A2T6K4,46
A2V9Z4,49
A2VDL6,7
A2VDN0,48
A2VE33,2
A2XHZ9,2
A2YFB4,11
A2ZBG5,11
A2ZC67,17
A3BEP8,2
A3CUS9,21
A3DBS4,44
A3DN21,21
A3DN27,21
A3DT44,39
A3F7X1,37
A3F7X2,49
A3GFU8,11
A3MXQ6,21
A3PAU3,32
A3PAZ3,7
A4FYA5,21
A4GGA1,7
A4GYN9,32
A4GYQ5,7
A4H220,17
A4H221,17
A4H222,17
A4H223,46
A4LA70,11
A4QJ96,32
A4QJB1,7
A4QJI0,32
A4QJJ5,7
A4QJR4,32
A4QJS9,7
A4QJZ9,32
A4QK14,7
A4QK85,32
A4QKA1,7
A4QKH2,32
A4QKI8,7
A4QKR1,32
A4QKS7,7
A4QL00,32
A4QL15,7
A4QL86,32
A4QLA2,7
A4QLH5,32
A4QLJ0,7
A4QLR3,32
A4QLS9,7
A4TL44,3
A4USB4,49
A4VUF9,44
A4W0Q0,44
A4WMZ0,21
A4X3P0,21
A4XJS7,44
A4YIE0,21
A4YJ04,21
A5A3H1,12
A5A3H2,12
A5A3H3,12
A5A3H4,12
A5A3H5,12
A5A6H8,48
A5A6J6,48
A5A6K7,46
A5A6M2,47
A5A6P7,2
A5A752,13
A5A8K9,32
A5DWI6,11
A5GIE8,7
A5GIM7,32
A5GJU5,32
A5GTY4,32
A5GTY5,32
A5GWF4,7
A5H1G9,7
A5HAK0,17
A5I667,44
A5IS17,11
A5ITG9,44
A5LHG2,40
A5LHX3,21
A5N6K1,44
A5UM14,21
A5VKS3,7
A6BM07,7
A6BM28,32
A6BM30,7
A6H4Q8,44
A6H5E4,32
A6H5G7,7
A6L3B5,3
A6LHQ6,3
A6LHQ9,28
A6LQR8,44
A6M934,34
A6M938,39
A6MFK7,1
A6MFK8,1
A6MFK9,17
A6MM16,32
A6MM32,7
A6MMA2,32
A6MMB8,7
A6MMI8,32
A6MMK3,7
A6MMS4,32
A6MMU0,7
A6MVT2,32
A6MWS7,13
A6MWS8,13
A6MWS9,13
A6MWT0,13
A6N6J0,31
A6NCE7,11
A6ND01,2
A6P331,39
A6P3B2,36
A6QG32,11
A6QHI7,44
A6QPN6,11
A6RPU4,11
A6U0U8,11
A6U2B3,44
A6USJ3,21
A6UT20,21
A6VK02,21
A6XN32,33
A6YB85,17
A6YF56,49
A6YR20,12
A6YR21,12
A6YR40,12
A6YR42,12
A6YRN9,7
A6ZL22,2
A6ZQH2,46
A6ZQH4,31
A6ZSH9,2
A6ZY20,2
A6ZZG0,31
A6ZZG1,31
A6ZZH2,7
A7E8H4,11
A7FFL9,3
A7FXU7,44
A7GHK3,44
A7GT16,44
A7GTC2,44
A7I841,21
A7KE01,21
A7KII6,21
A7LAC6,16
A7LAC7,16
A7LCJ2,24
A7LI90,12
A7LI91,11
A7LI92,12
A7M4E1,28
A7M8Y6,32
A7M8Z7,7
A7M962,7
A7RMN1,37
A7SCE5,24
A7SRR3,14
A7ST80,14
A7TLD4,2
A7UDM9,11
A7UKV5,2
A7WNV3,8
A7WNV4,8
A7WNV5,8
A7WNV6,8
A7WNV7,8
A7X149,11
A7X362,44
A7X3S0,49
A7X3S2,49
A7X3V0,49
A7Y395,32
A7Y3C5,7
A7YY44,46
A7Z070,7
A7Z6W8,44
A7Z783,44
A8AA46,21
A8AB58,21
A8AWF9,44
A8B5P0,40
A8B5P7,48
A8B5Q0,40
A8CL69,23
A8D888,11
A8DS38,11
A8DY01,40
A8FFD9,44
A8FFT0,44
A8G2T2,7
A8G5N5,32
A8M8R5,21
A8MBW0,21
A8Q7G1,31
A8QL53,16
A8QL56,16
A8QL57,16
A8S6B3,40
A8SE40,32
A8W3A5,32
A8W3C0,7
A8W3H2,32
A8W3I3,7
A8W7M4,7
A8W7M6,7
A8W7M7,7
A8W7M9,7
A8W7N0,7
A8W7N1,7
A8W7N2,7
A8W7N3,7
A8W7N4,7
A8W7N5,7
A8W7N6,7
A8W7N7,7
A8W7N8,7
A8W7N9,7
A8W7P0,7
A8W7P1,7
A8W7P2,7
A8W7P3,7
A8WTF8,10
A8WU84,22
A8XLL0,23
A8Y7N4,40
A8Y7N7,40
A8Y7N8,40
A8Y7N9,40
A8Y7P5,40
A8Y9F0,32
A8Y9F6,7
A8YPR6,29
A8YPR9,29
A8Z1R1,11
A8Z2H3,44
A9A2U7,21
A9A4A1,21
A9A788,21
A9CM07,46
A9KMF6,44
A9L976,32
A9L992,7
A9LYI1,7
A9P3S1,34
A9R3T6,3
A9UGV5,2
A9UGV6,2
A9UGV7,2
A9UH01,11
A9VHU8,44
A9VIR7,44
A9XDG0,49
A9XDG1,49
A9XDG2,49
A9XDG3,49
A9XFZ7,31
B0BK71,46
B0BK72,31
B0BND0,2
B0C6Z7,7
B0CB14,32
B0CPC6,2
B0FYL5,2
B0I1T2,33
B0JIS8,32
B0JSW8,7
B0K416,44
B0KAC0,44
B0KZ78,12
B0KZ79,12
B0L0Y5,40
B0L0Y6,49
B0R2U4,7
B0R4C8,21
B0TBW5,44
B0VXV8,34
B0XPA1,31
B0XT09,2
B0XT72,2
B0XTU6,2
B0XVI5,2
B0XXF8,2
B0XZV8,2
B0Y1V8,31
B0Y4Z4,31
B0Y665,2
B0Y8H9,2
B0YAH0,31
B0YPN1,32
B0Z4K6,32
B0Z4M1,7
B0Z4U0,32
B0Z4V5,7
B0Z524,32
B0Z539,7
B0Z5A8,32
B0Z5C3,7
B0ZE70,34
B0ZT25,16
B1A915,32
B1A931,7
B1AIJ8,44
B1AVD1,2
B1B213,2
B1B5I9,24
B1B5J0,49
B1B6T1,46
B1IBP4,44
B1ILY6,44
B1IQZ3,3
B1JR58,3
B1KZR4,44
B1L6S7,21
B1NRQ8,34
B1NRQ9,34
B1NRR0,34
B1NRR1,34
B1NRR2,34
B1NRR3,34
B1NWD0,32
B1NWE6,7
B1NWR6,24
B1NWR7,24
B1NWS1,24
B1NWS4,24
B1NWS8,24
B1NWT3,24
B1NWT4,24
B1NWT5,24
B1NWT7,24
B1NWU2,24
B1NWU3,24
B1NWU4,24
B1NWU5,24
B1NWU6,24
B1P1A0,11
B1P1A2,11
B1P1A4,14
B1P1A5,40
B1P1A6,40
B1P1A7,40
B1P1A8,40
B1P1A9,40
B1P1B0,12
B1P1B1,12
B1P1B2,12
B1P1B3,12
B1P1B4,12
B1P1B6,12
B1P1B7,12
B1P1B8,12
B1P1B9,12
B1P1C0,12
B1P1C1,12
B1P1C2,12
B1P1C4,14
B1P1C6,14
B1P1C7,12
B1P1C8,12
B1P1C9,12
B1P1D0,12
B1P1D2,12
B1P1D3,12
B1P1D4,12
B1P1D5,14
B1P1D6,14
B1P1D7,12
B1P1D8,11
B1P1D9,14
B1P1E0,14
B1P1E1,14
B1P1E2,14
B1P1E3,14
B1P1E4,14
B1P1E5,12
B1P1E6,12
B1P1E7,12
B1P1E8,12
B1P1E9,12
B1P1F0,14
B1P1F1,12
B1P1F2,14
B1P1F3,14
B1P1F4,14
B1P1F5,14
B1P1F6,40
B1P1F7,14
B1P1F8,12
B1P1F9,12
B1P1G0,14
B1P1G1,37
B1P1G2,14
B1P1G3,14
B1P1G4,14
B1P1G5,12
B1P1G6,11
B1P1G7,11
B1P1G8,14
B1P1G9,12
B1P1H0,12
B1P1H1,11
B1P1H2,14
B1P1H3,12
B1P1H4,12
B1P1H5,12
B1P1H6,12
B1P1H7,12
B1P1H8,14
B1P1H9,12
B1P1I1,14
B1P1I2,14
B1P1I3,37
B1P1I4,37
B1P1I5,49
B1P1I6,49
B1P1J4,17
B1PZN6,39
B1VAF3,44
B1VKF9,32
B1VKG9,7
B1WUL2,7
B1XF62,3
B1XIP3,32
B1XM24,32
B1XMC3,32
B1XMN4,7
B1YDJ0,21
B1YJS1,44
B2A6B5,44
B2CI27,12
B2CI28,40
B2CJ57,19
B2CJ87,40
B2G856,7
B2GD71,7
B2IQ02,44
B2J4T9,7
B2KAB7,3
B2KJ30,37
B2KKR4,23
B2KKV6,49
B2KKV7,49
B2KKV8,49
B2KKW0,49
B2KPN7,34
B2LMI9,7
B2MW54,24
B2RH54,3
B2RH57,3
B2RH58,46
B2RH59,3
B2RHG1,3
B2RHG3,3
B2RHG4,46
B2TK69,44
B2V0A7,44
B2XWK1,7
B2Y1U6,7
B2Y1W5,7
B2ZB95,26
B2ZB96,26
B2ZB98,26
B2ZB99,26
B2ZBA0,26
B2ZBA1,26
B2ZBB6,49
B2ZBB8,49
B2ZBB9,49
B2ZBC0,49
B2ZG38,24
B3A0N7,7
B3EWF2,14
B3EWF3,14
B3EWF4,14
B3EWF5,49
B3EWF6,14
B3EWG0,18
B3EWH5,7
B3EWH6,40
B3EWL1,11
B3EWL9,11
B3EWM1,40
B3EWM3,40
B3EWR6,34
B3EWS5,34
B3EWS6,34
B3EWS7,7
B3EWS8,7
B3EWS9,7
B3EWT0,49
B3EWX6,34
B3EWY4,40
B3F0J0,34
B3FIA5,13
B3FIA6,24
B3FIN4,14
B3FIQ7,37
B3FIS0,14
B3FIS1,14
B3FIS2,14
B3FIS3,14
B3FIS4,14
B3FIS5,14
B3FIS6,14
B3FIS7,14
B3FIU2,12
B3FIV1,37
B3GS44,2
B3H587,40
B3H5A9,28
B3H5J1,11
B3H5Q2,11
B3H7I1,40
B3IUD8,22
B3IUE0,22
B3IWF7,22
B3IWF8,22
B3IWF9,22
B3KYH4,13
B3KYH5,13
B3KYH6,13
B3LPD6,2
B3LPW3,46
B3LQU0,31
B3LQU1,31
B3LVG7,34
B3MFC2,33
B3NSF6,33
B3QZT2,44
B3SP85,11
B3SVF0,11
B3SVF1,11
B3TNB9,7
B3V0K8,40
B3VZU0,8
B3VZU1,8
B3VZU2,8
B3VZU3,8
B3VZU4,8
B3VZU5,8
B3VZU6,8
B4GAN3,33
B4HNI3,33
B4J8Z9,33
B4KR21,33
B4LQ44,33
B4MQJ1,33
B4P641,33
B4QBL6,33
B4THR7,3
B4YSU8,12
B5A5T4,33
B5A9S9,8
B5A9T0,48
B5A9T1,48
B5E022,33
B5E4L9,44
B5G6G5,1
B5IEE5,21
B5LMM0,7
B5LUQ3,13
B5LUQ4,25
B5LUQ5,25
B5LUQ6,13
B5LUQ7,19
B5LUQ8,19
B5LUQ9,10
B5LUR0,19
B5LUR1,10
B5MFD0,7
B5SY89,2
B5VE42,2
B5VL25,46
B5VL27,31
B5ZB18,44
B6CPR5,48
B6D434,11
B6DCJ0,49
B6DCJ1,49
B6DCJ3,49
B6DCJ4,49
B6DCJ5,49
B6DCJ6,49
B6DCJ7,49
B6DCJ9,49
B6DCK0,49
B6DCK1,49
B6DCK2,49
B6DCK3,49
B6DCK4,49
B6DCK5,49
B6DCK6,49
B6DCK8,49
B6DCK9,49
B6DCL0,49
B6DCL1,49
B6DCL2,49
B6DCL3,49
B6DCL4,49
B6DCL5,49
B6DCL6,49
B6DCL7,49
B6DCL8,49
B6DCL9,49
B6DCM0,49
B6DCM1,49
B6DCM2,49
B6DCM3,49
B6DCM4,49
B6DCM5,49
B6DCM6,49
B6DCM7,49
B6DCM8,49
B6DCM9,49
B6DCN0,49
B6DCN1,49
B6DCN2,49
B6DCN3,49
B6DCN4,49
B6DCN5,49
B6DCN6,49
B6DCN7,49
B6DCN8,49
B6DCN9,49
B6DCP0,49
B6DCP1,49
B6DCP2,49
B6DCP3,49
B6DCP4,49
B6DCP5,49
B6DCP6,49
B6DCP7,49
B6DCQ0,49
B6DCQ1,49
B6DCQ2,49
B6DCQ3,49
B6DCQ4,49
B6DCQ5,49
B6DCQ6,49
B6DCQ7,49
B6DCQ8,49
B6DCQ9,49
B6DCR0,49
B6DCR1,49
B6DCR2,49
B6DCR3,49
B6DCR4,49
B6DCR5,49
B6DCR6,49
B6DCR7,49
B6DCR8,49
B6DCR9,49
B6DCS0,49
B6DCS1,49
B6DCS2,49
B6DCS3,49
B6DCS4,49
B6DCS5,49
B6DCS6,49
B6DCS7,49
B6DCS8,49
B6DCS9,49
B6DCT0,49
B6DCT1,49
B6DCT2,49
B6DCT3,46
B6DCT4,46
B6DCT5,46
B6DCT6,46
B6DCT7,46
B6DCT8,46
B6DCU0,46
B6DCU1,46
B6DCU2,49
B6DCU3,49
B6DCU4,49
B6DCU5,49
B6DCU6,49
B6DCU7,49
B6DCU8,49
B6DCU9,49
B6DCV0,49
B6DCX2,14
B6DCX4,14
B6DCX5,14
B6DCX6,14
B6DCX7,14
B6DCX8,14
B6DCX9,14
B6DCY0,14
B6DCY2,14
B6DCY3,14
B6DCY4,14
B6DCY5,14
B6DCY6,14
B6DCY7,14
B6DCY8,14
B6DCY9,14
B6DCZ0,14
B6DCZ1,14
B6DCZ2,14
B6DCZ3,14
B6DCZ4,14
B6DCZ5,14
B6DCZ6,14
B6DCZ7,14
B6DCZ8,14
B6DCZ9,14
B6DD00,14
B6DD01,14
B6DD02,14
B6DD03,14
B6DD04,14
B6DD05,14
B6DD06,14
B6DD07,14
B6DD08,14
B6DD09,14
B6DD10,14
B6DD11,14
B6DD12,14
B6DD13,14
B6DD14,14
B6DD15,14
B6DD16,14
B6DD17,14
B6DD18,14
B6DD19,14
B6DD20,14
B6DD21,14
B6DD22,14
B6DD23,14
B6DD24,14
B6DD25,14
B6DD26,14
B6DD27,14
B6DD28,14
B6DD29,49
B6DD30,49
B6DD31,49
B6DD32,49
B6DD33,49
B6DD52,14
B6DD53,14
B6DD54,14
B6DD55,14
B6DD56,14
B6DD57,14
B6DD58,14
B6DD59,14
B6DT16,13
B6E465,36
B6EWW8,2
B6GXZ8,31
B6HY14,8
B6HY15,8
B6HY16,8
B6IB31,3
B6K9M7,46
B6KAM0,46
B6S2X0,11
B6S2X2,11
B6ULW4,34
B6ULW5,34
B6ULW6,34
B6ULW7,34
B6V6L0,40
B6V867,2
B6YSW2,21
B6YXV3,21
B7G6D3,7
B7GIR0,44
B7HCU7,44
B7HE75,44
B7HPM0,44
B7HQK0,44
B7IIV4,44
B7IYH4,44
B7JNV3,44
B7JQ28,44
B7JVQ3,7
B7K989,7
B7L5E9,3
B7LZY9,3
B7M9V0,3
B7MV44,3
B7NB47,3
B7NUP2,3
B7URT6,3
B7XFT1,1
B8D673,21
B8D683,21
B8DHK8,44
B8FUS1,44
B8GG66,21
B8H8L6,21
B8HTR1,7
B8I178,44
B8JLQ9,2
B8K1V9,17
B8MF81,31
B8N7S7,2
B8N7Z8,31
B8N8M2,31
B8NCQ5,27
B8NM66,19
B8QG00,12
B8XH22,12
B8XH33,11
B8XH40,46
B8XH46,11
B8XH50,35
B8ZPV1,44
B9DNE8,44
B9DU56,44
B9E020,44
B9ENM6,11
B9IY88,44
B9IZ18,44
B9LTS6,21
B9MRB7,44
B9TQX1,49
B9TQX2,49
B9TQX3,49
B9TQX4,46
B9U443,31
B9UIY3,35
B9W4V6,31
C0H690,24
C0H691,24
C0H692,24
C0H693,24
C0H694,24
C0HJF6,40
C0HJI1,0
C0HJI2,0
C0HJI3,0
C0HJI4,0
C0HJI5,0
C0HJI6,0
C0HJI7,11
C0HJI8,0
C0HJK0,11
C0HJK2,11
C0HJK4,40
C0HJQ3,47
C0HJT9,0
C0HJU0,0
C0HJV6,25
C0HJV7,49
C0HJV8,49
C0HJZ6,8
C0HJZ7,8
C0HJZ8,8
C0HJZ9,8
C0HK00,8
C0HK01,8
C0HK02,8
C0HK03,8
C0HK26,24
C0HK27,28
C0HK57,44
C0HK89,7
C0HKA2,16
C0HKA3,16
C0HKA4,16
C0HKA5,16
C0HKA6,16
C0HKA8,44
C0HKA9,44
C0HKF6,13
C0HKF7,16
C0HKF8,16
C0HKG0,49
C0HKG1,49
C0HKG7,49
C0HKG8,49
C0HKG9,49
C0HKR1,18
C0HKR2,10
C0HKS0,26
C0HKS1,23
C0HKS3,0
C0HKS4,0
C0HKS5,0
C0HKS6,23
C0HKT1,23
C0HKT2,18
C0HKT3,11
C0HKT4,22
C0HKT5,22
C0HKT6,23
C0HKU0,18
C0HKU1,40
C0HKU2,23
C0HKU9,6
C0HKV8,18
C0HKV9,23
C0HKW2,23
C0HKW7,6
C0HKX3,11
C0HKX4,11
C0HKX8,40
C0HKY0,40
C0HKY1,6
C0HKY6,44
C0HL17,23
C0HL58,35
C0HL59,11
C0HL91,18
C0HL92,18
C0HLG4,46
C0HLM6,28
C0HLS4,24
C0HLZ9,28
C0HM00,28
C0HM54,41
C0HM68,24
C0HMD4,7
C0K3N1,40
C0KYC3,24
C0KYC4,24
C0KYC5,39
C0KYC6,13
C0L2T8,11
C0LRA7,31
C0M7I0,44
C0ME76,44
C0P381,11
C0XTM5,7
C1BJ98,11
C1C7A1,44
C1CE94,44
C1CKH0,44
C1CRK7,44
C1ESL5,44
C1ETN9,44
C1FVW6,44
C1IBZ3,40
C1IC04,34
C1J5M5,13
C1J5M6,13
C1J5M7,13
C1JAR9,3
C1KIY9,24
C1KVI7,44
C3L3J4,44
C3L5S4,44
C3L6X4,44
C3MQ16,21
C3MRE5,21
C3MVD5,21
C3MY41,21
C3MZI0,21
C3N5N4,21
C3N7K2,21
C3NE98,21
C3NFX2,21
C3NHF1,21
C3P8M7,44
C3P9C8,44
C3RT17,8
C3RT18,8
C3RT22,8
C3RT23,8
C3RT24,24
C3TS04,24
C3TS06,24
C3TS07,24
C3TS08,24
C3TS10,24
C3VVN5,46
C3VVN6,46
C3Z6E6,22
C4B4E4,11
C4KHB0,21
C4KIR0,21
C4L4N3,44
C4N9P6,13
C4PRC1,46
C4PWC3,46
C4PWC4,46
C4YHA6,2
C4YMJ3,31
C4YNQ5,31
C4YSF6,31
C4Z9Z8,44
C4ZY59,3
C5A2D5,21
C5A7L1,21
C5BVA2,21
C5D4U8,44
C5D5G7,44
C5FBS2,31
C5FEK4,2
C5FGX1,2
C5FRQ0,2
C5FW30,2
C5H0C7,25
C5H0C8,25
C5H0D4,25
C5H0D5,25
C5H0D6,13
C5H0D7,13
C5H0D8,13
C5H0D9,13
C5H0E0,13
C5H0E1,13
C5H0E2,15
C5IB03,25
C5J886,35
C5J887,35
C5J888,35
C5J893,40
C5J897,35
C5J8E3,13
C5NSL2,49
C6A2V9,21
C6A3R1,21
C6EVG1,24
C6EVG2,13
C6EVG7,34
C6FX52,39
C6KSX0,2
C6Y4B5,40
C6ZDB5,16
C6ZH27,49
C6ZJQ2,39
C7B247,35
C7C1L2,40
C7DQB7,35
C7DQB8,48
C7DQB9,40
C7DQC0,35
C7DQC1,40
C7DQC2,48
C7DQX6,40
C7DQX7,40
C7DQX8,48
C7DQX9,40
C7DQY0,40
C7DT09,34
C7GQJ1,2
C7GS61,2
C7LYP7,21
C7NQ99,21
C7NVQ4,21
C7P6N4,21
C7R403,21
C7T183,12
C7T184,14
C7T186,14
C7T187,14
C7T188,14
C7T1P5,12
C8CK74,12
C8CK75,14
C8CK76,12
C8CK77,12
C8CK78,12
C8CK79,12
C8ZGM3,2
C9D7R2,3
C9D7R3,3
C9E1R9,28
C9E1S1,28
C9E1S2,49
C9EIC7,49
C9K4X8,24
C9REN7,21
D0EM77,49
D0EXD3,31
D0KRX1,21
D0KTH0,21
D0PX84,46
D0PX85,46
D0PX86,46
D0VX09,9
D1BHT9,21
D1BS26,21
D1FNJ7,29
D1MEI6,11
D1MEI7,39
D1MEI8,39
D1MEI9,39
D1MEJ0,39
D1MEJ1,39
D1MEJ2,40
D1MEJ3,11
D1MZV3,0
D1Z199,21
D2DGD3,40
D2DGD4,40
D2DGD5,40
D2DGD6,40
D2DGD7,24
D2DGD8,37
D2DGD9,40
D2IT41,24
D2KX90,24
D2KX91,24
D2KX92,24
D2PDG6,21
D2PK63,21
D2RGT4,21
D2RQX3,21
D2RUI0,21
D2WKD8,7
D2XUU4,34
D2XUU5,34
D2XUU6,34
D2XUU7,34
D2XUU8,34
D2XUU9,34
D2XUV0,34
D2XUV1,34
D2Y100,34
D2Y101,11
D2Y102,11
D2Y168,39
D2Y169,34
D2Y170,34
D2Y171,34
D2Y172,39
D2Y173,34
D2Y174,40
D2Y1X6,14
D2Y1X7,14
D2Y1X8,14
D2Y1X9,14
D2Y1Y0,14
D2Y1Y1,14
D2Y1Y2,14
D2Y1Y3,14
D2Y1Y4,14
D2Y1Y5,14
D2Y1Y6,14
D2Y1Y7,14
D2Y1Y8,14
D2Y1Y9,14
D2Y1Z0,14
D2Y1Z1,14
D2Y1Z2,12
D2Y1Z3,14
D2Y1Z4,14
D2Y1Z5,14
D2Y1Z6,14
D2Y1Z7,14
D2Y1Z8,14
D2Y1Z9,14
D2Y200,14
D2Y201,14
D2Y202,14
D2Y203,14
D2Y204,40
D2Y205,40
D2Y206,40
D2Y207,40
D2Y208,40
D2Y209,40
D2Y210,40
D2Y211,40
D2Y212,40
D2Y213,40
D2Y214,40
D2Y215,40
D2Y216,40
D2Y217,40
D2Y218,40
D2Y219,40
D2Y220,40
D2Y221,40
D2Y222,40
D2Y223,40
D2Y224,40
D2Y225,40
D2Y226,40
D2Y227,40
D2Y228,40
D2Y229,40
D2Y230,40
D2Y231,40
D2Y232,14
D2Y233,14
D2Y234,14
D2Y235,14
D2Y236,12
D2Y237,12
D2Y238,12
D2Y239,12
D2Y240,12
D2Y241,12
D2Y242,12
D2Y243,12
D2Y244,12
D2Y245,12
D2Y246,12
D2Y247,12
D2Y248,12
D2Y249,12
D2Y250,12
D2Y251,37
D2Y252,37
D2Y253,12
D2Y254,12
D2Y255,12
D2Y256,12
D2Y257,12
D2Y258,12
D2Y259,12
D2Y260,12
D2Y261,12
D2Y262,12
D2Y263,12
D2Y264,12
D2Y265,12
D2Y266,12
D2Y267,12
D2Y268,12
D2Y269,12
D2Y270,12
D2Y271,12
D2Y273,12
D2Y274,12
D2Y275,12
D2Y276,12
D2Y277,12
D2Y278,12
D2Y279,12
D2Y280,12
D2Y281,12
D2Y282,12
D2Y283,12
D2Y284,12
D2Y285,12
D2Y286,12
D2Y287,12
D2Y288,12
D2Y289,12
D2Y290,12
D2Y291,12
D2Y292,12
D2Y293,12
D2Y294,12
D2Y295,12
D2Y296,12
D2Y297,12
D2Y298,12
D2Y299,12
D2Y2A0,11
D2Y2A1,11
D2Y2A2,11
D2Y2A3,11
D2Y2A4,11
D2Y2A5,11
D2Y2A6,11
D2Y2A7,11
D2Y2A8,11
D2Y2A9,11
D2Y2B0,11
D2Y2B1,11
D2Y2B2,11
D2Y2B3,11
D2Y2B4,11
D2Y2B5,11
D2Y2B6,14
D2Y2B7,14
D2Y2B8,14
D2Y2B9,14
D2Y2C1,12
D2Y2C2,49
D2Y2C3,12
D2Y2C4,12
D2Y2C5,12
D2Y2C6,12
D2Y2C7,12
D2Y2C8,12
D2Y2C9,12
D2Y2D0,12
D2Y2D1,14
D2Y2D2,14
D2Y2D3,14
D2Y2D4,40
D2Y2D5,40
D2Y2D6,40
D2Y2D7,14
D2Y2D8,14
D2Y2D9,14
D2Y2E8,12
D2Y2E9,12
D2Y2F0,12
D2Y2F1,12
D2Y2F2,12
D2Y2F3,49
D2Y2F4,49
D2Y2F5,49
D2Y2F6,49
D2Y2F7,49
D2Y2F8,49
D2Y2F9,49
D2Y2G0,49
D2Y2G1,49
D2Y2G2,49
D2Y2G3,12
D2Y2G4,12
D2Y2G5,12
D2Y2G6,12
D2Y2G7,12
D2Y2G8,12
D2Y2G9,12
D2Y2H0,12
D2Y2H1,37
D2Y2H2,49
D2Y2H3,11
D2Y2H4,11
D2Y2H5,11
D2Y2H6,12
D2Y2H7,12
D2Y2H8,12
D2Y2H9,12
D2Y2I0,12
D2Y2I1,12
D2Y2I2,12
D2Y2I3,14
D2Y2I5,14
D2Y2I6,14
D2Y2I9,40
D2Y2J1,40
D2Y2J2,40
D2Y2J3,40
D2Y2J4,40
D2Y2J5,40
D2Y2J6,40
D2Y2J8,40
D2Y2J9,40
D2Y2K0,40
D2Y2K1,40
D2Y2K2,40
D2Y2K3,40
D2Y2K4,40
D2Y2K5,40
D2Y2K6,40
D2Y2K7,40
D2Y2K8,40
D2Y2K9,40
D2Y2L0,40
D2Y2L2,40
D2Y2L3,40
D2Y2L5,12
D2Y2L7,12
D2Y2L8,12
D2Y2M0,12
D2Y2M1,12
D2Y2M2,12
D2Y2M3,12
D2Y2M4,12
D2Y2M5,12
D2Y2M6,12
D2Y2M8,12
D2Y2M9,12
D2Y2N0,12
D2Y2N1,12
D2Y2N2,12
D2Y2N3,12
D2Y2N4,12
D2Y2N5,12
D2Y2N6,12
D2Y2N7,12
D2Y2N9,37
D2Y2P0,37
D2Y2P1,37
D2Y2P2,37
D2Y2P3,12
D2Y2P5,12
D2Y2P6,12
D2Y2P8,12
D2Y2Q1,49
D2Y2Q2,49
D2Y2Q5,49
D2Y2Q6,49
D2Y2Q7,49
D2Y2Q8,49
D2Y2Q9,49
D2Y2R1,12
D2Y2R3,12
D2Y2R4,12
D2Y3T1,34
D2Y3T3,40
D2Y3T4,40
D2Y3T5,40
D2Y3T6,40
D2Y3T7,40
D2Y3T8,40
D2Y492,12
D2Y493,13
D2Y494,34
D2Y495,12
D2Y496,12
D2Y497,12
D2Y498,12
D2Y499,40
D2Y4A0,12
D2Y4A1,12
D2Y4A2,39
D2YZQ3,49
D2Z1D6,24
D3E0A3,21
D3JWK2,34
D3JWK3,34
D3JWK4,34
D3JWK5,34
D3JWK6,34
D3JWK7,34
D3JYA5,49
D3JYA6,49
D3RX66,21
D3S8M7,21
D3SSQ6,21
D3UA80,48
D3VML5,7
D3Z752,1
D3Z7Q2,28
D3ZTT2,2
D4A540,24
D4AIF1,2
D4AIS3,2
D4ALQ5,2
D4ANC3,31
D4AP52,2
D4APX3,34
D4AQH0,2
D4AT07,2
D4ATC3,2
D4AUH1,49
D4AXU8,2
D4AYQ6,31
D4AZC5,2
D4AZK1,2
D4AZK9,2
D4B1B1,2
D4B2Q8,2
D4B388,2
D4B3I5,2
D4B5D4,2
D4D7C5,31
D4D8U6,2
D4DD24,2
D4DFT3,2
D4G0R3,34
D4GWY0,20
D4GWY2,20
D4GYZ1,21
D4HPD6,34
D4HRK4,13
D4HRK7,39
D4YWD0,13
D4YWD1,13
D5EAS6,21
D5GRW4,13
D5J6X1,49
D5J9S0,34
D5KR59,11
D5KXG5,34
D5KXG7,40
D5KXG8,40
D5KXG9,49
D5KXH0,40
D5KXH1,12
D5KXH2,40
D5KXH3,49
D5KXH6,34
D5L5Q7,39
D5L5Q8,39
D5LGE0,29
D6C4H5,40
D6C4H8,40
D6C4H9,40
D6C4I0,15
D6C4I3,12
D6C4I4,40
D6C4I5,49
D6C4I6,40
D6C4I7,24
D6C4I8,24
D6C4I9,24
D6C4J0,24
D6C4J2,40
D6C4J3,39
D6C4J4,7
D6C4J6,40
D6C4J7,12
D6C4J8,13
D6C4J9,44
D6C4K0,12
D6C4K2,12
D6C4K3,12
D6C4K4,39
D6C4K5,12
D6C4K9,12
D6C4L1,12
D6C4L2,12
D6C4L3,12
D6C4L4,12
D6C4L5,12
D6C4L6,15
D6C4L7,40
D6C4L8,12
D6C4L9,12
D6C4M0,40
D6C4M1,40
D6C4M2,40
D6C4M3,40
D6CFW3,7
D6WT67,23
D7GXG5,46
D8MIA0,16
D8MIA1,16
D8MIA2,16
D8MIA3,16
D9IWN6,48
D9IWN7,48
D9IX97,40
D9U2A7,49
D9U2B1,49
D9U2B8,35
E0WX65,7
E0Y418,16
E0Y419,16
E0Y420,16
E0Y421,16
E1AWD2,8
E1AWD3,8
E1AWD4,8
E1AWD5,8
E1AWD6,8
E1AWD7,8
E1AWD8,8
E1AWE0,8
E1AXF5,8
E1AXF6,8
E1AXF9,8
E1B228,8
E1B230,8
E1B231,8
E1B240,8
E1B241,8
E1B242,8
E1B243,8
E1B245,8
E1B247,8
E1B248,8
E1UYT9,34
E1UYU0,34
E1ZVK1,46
E1ZVK3,41
E1ZXU8,10
E1ZZF9,23
E2A1R1,23
E2A3M7,26
E2A6P1,23
E2A6Z3,24
E2ADG2,34
E2ADX8,10
E2AFK9,23
E2AIS8,10
E2AJ76,22
E2ARW3,18
E2ASG4,18
E2AX35,46
E2AX75,24
E2AYH6,23
E2AZE8,13
E2DIH5,34
E2DIH6,34
E2E4E4,38
E2E4L2,22
E2S061,12
E2S062,12
E2S063,12
E2S064,48
E2S065,46
E2S066,48
E3P6S4,24
E3PQQ8,13
E3YBA4,7
E4VP04,39
E4VP07,22
E4VP43,11
E4VP50,35
E4Z7G0,15
E5A7T3,31
E5AJX2,16
E5D3Z8,34
E5KIB6,7
E5L0E3,16
E5L0E4,16
E5L0E5,16
E5L0E6,16
E5R1B9,31
E6ZBE2,15
E7EKC4,8
E7EKC5,8
E7EKD0,8
E7EKD4,8
E7EKD6,40
E7EKD9,8
E7EKE0,8
E7EKE1,8
E7EKH1,8
E7EKH2,8
E7EKH3,8
E7EKH4,8
E7EKH5,8
E7EKH6,8
E7EKH7,8
E7EKI0,8
E7EKI9,8
E7EKJ5,8
E7EKJ6,8
E7EKJ7,8
E7EKM1,8
E7EZ53,4
E8RMD3,7
E8RUP8,7
E8RUP9,7
E9NW26,28
E9NW27,28
E9PV24,49
F0T377,46
F1AWB0,40
F1CJ89,35
F1DFM9,49
F1M928,2
F1MDB2,28
F1N5C8,2
F1NV61,7
F1QQI2,1
F1R4U0,7
F1T149,8
F1T150,8
F1T151,8
F1T152,8
F1T153,8
F1T154,8
F1T155,8
F1T156,8
F1T157,8
F2QXM5,40
F2XFS9,40
F4HVZ1,40
F4HZB9,2
F4I082,2
F4IVN9,2
F4JBX1,11
F4JIG1,2
F4JJL0,33
F4JJL3,33
F4JL85,2
F4K6R7,11
F4KB79,34
F5C0A0,39
F5C3T9,39
F5C3U4,39
F5CEP0,12
F5CPE8,17
F5CPF0,3
F5CPF1,3
F6JWU7,46
F6JWU8,46
F6JWU9,46
F6JWV0,46
F6JWV1,46
F6JWV2,46
F6JWV3,46
F6K5S6,35
F6KSI8,39
F7UI84,15
F7UI85,15
F7UI86,15
F7UI87,15
F7UI88,15
F8J2D0,3
F8J2D2,3
F8J4S0,40
F8S0Z7,2
F8S114,16
F8S116,16
F8S122,34
G0LFX8,7
G0LWV9,8
G0R947,31
G0RA32,31
G0RFK8,40
G0RH85,31
G0RUP7,31
G0W2H8,24
G0W2H9,24
G0W2I0,24
G0W2I1,24
G1AS73,12
G1AS74,40
G1AS75,12
G1AS76,12
G1AS77,40
G1AS78,12
G1AS79,12
G1AS80,24
G1AS81,40
G1AS82,12
G1AS83,12
G1C1T0,40
G1C1T1,40
G1C1T2,40
G1C1T3,40
G1CWH0,7
G1CWH1,49
G1CWH3,49
G1CWH4,7
G1CWH5,49
G1CWH6,49
G1CWH8,49
G1FE62,35
G1UB63,40
G1UBC2,2
G1XAA9,2
G3ETQ2,8
G3ETQ3,8
G3F828,8
G3MU46,23
G3X745,2
G3XD43,20
G4MLU0,2
G5CKU5,23
G5EB30,2
G5EEC2,10
G5EFN6,23
G5EGP8,46
G7JV15,28
G7NYP9,15
G7ZZZ3,40
G8FZS4,40
G8YYA5,35
G8YYA6,35
H2A7G5,7
H2BK78,46
H2BKJ0,40
H2BKS9,48
H2CYR5,22
H2E7Q6,7
H2LID1,33
H3BJG9,2
H3BQJ8,2
H7C8I3,7
H8Y1U0,40
H9N3R7,39
I0B6F2,34
I0B6F3,34
I0B6F4,40
I0B6F5,40
I0B6G2,34
I0CME7,46
I0CME8,46
I0DEB3,22
I0DEB4,22
I0DEB5,35
I0DEB6,35
I1BJN3,2
I1BVT3,2
I1C4E4,2
I1CFE1,2
I1N462,34
I1RAQ3,2
I1REI8,2
I1S2N3,34
I1T3C7,31
I1VC85,46
I2DBY1,31
I2DBY2,31
I2DBY3,46
I6R1R5,49
I6R1R7,24
I6R1S1,40
I6RA66,24
I6RA71,24
I6RU51,40
I6S394,24
I6S3A5,49
I6S7G9,49
I6S7H3,24
I6S7H5,46
I7C2V3,1
I7GQA7,46
J3RY93,16
J3RYA3,16
J3S3W5,16
J3S832,16
J3S833,16
J3S835,16
J3SBQ3,16
J3SDW9,16
J3SDX0,16
J7GY56,40
J7H8J4,8
J9VHN6,2
J9VND2,2
J9VPD7,2
J9VPP4,31
J9VS02,40
K1WG73,2
K1XT82,2
K1XVG1,2
K1XW16,2
K4JY29,40
K4LLQ2,16
K4RNX9,7
K7LFJ0,40
K7LSB9,40
K7N5K9,14
K7ZGS2,8
K8DWB5,39
K9USW8,28
L0GAZ8,22
L0GB04,40
L0GBQ6,40
L0GBR1,49
L0GCI6,22
L0GCJ6,34
L0GCV8,35
L0L3V3,15
L0P323,15
L0P329,15
L0P3K3,15
L0P402,15
L0PIN3,34
L0PJV8,34
L8BU87,39
M0R8L2,1
M1E1F0,40
M1E1F1,14
M5BGS2,49
M5BGY5,49
M5BHN0,49
M9P2C1,17
M9PQ91,12
O00230,0
O00254,46
O00451,2
O00906,46
O01382,7
O02002,7
O02036,23
O02668,17
O02678,17
O02686,23
O02840,1
O04057,46
O04500,2
O04529,2
O04547,28
O04795,46
O04796,46
O05333,7
O06350,7
O07623,7
O08524,40
O08529,47
O08542,40
O08543,2
O08545,2
O08602,2
O08603,2
O08604,2
O08619,47
O08675,46
O08677,34
O08738,7
O08842,2
O08957,33
O09037,17
O09049,17
O09051,40
O09061,44
O09107,48
O09163,20
O09164,46
O09209,24
O09210,0
O12956,41
O13009,40
O13035,28
O13057,16
O13058,16
O13059,16
O13060,16
O13061,16
O13062,16
O13063,16
O13069,16
O13156,40
O13157,2
O13318,2
O13351,11
O13547,2
O13692,2
O13960,2
O14668,7
O14669,34
O14798,2
O14944,1
O15130,23
O15240,34
O15496,1
O15823,49
O15825,49
O15946,40
O15980,24
O15981,24
O15982,24
O16137,31
O16846,12
O17058,23
O17264,31
O17512,11
O17513,25
O18330,40
O18492,34
O18493,34
O18494,35
O18495,11
O18496,35
O18641,23
O18754,2
O18794,17
O18811,46
O18815,40
O18823,46
O18845,34
O18979,40
O19015,17
O19023,16
O19045,1
O19073,7
O19895,32
O22126,2
O22194,2
O22415,34
O22882,40
O23006,40
O23262,46
O23507,2
O23710,21
O24006,29
O24325,49
O24326,49
O24384,34
O24565,28
O24567,34
O24572,28
O24602,28
O24618,28
O26742,21
O27270,21
O29207,20
O29208,20
O31422,7
O31492,7
O31840,7
O32025,7
O32295,7
O32388,3
O32389,46
O32390,3
O33666,7
O33668,7
O33672,7
O33675,7
O33689,7
O33690,7
O33702,3
O34344,40
O35090,49
O35118,2
O35298,49
O35314,6
O35397,7
O35417,4
O35521,21
O35522,21
O35523,21
O35524,21
O35632,2
O35902,1
O35955,21
O35975,40
O41515,11
O42143,13
O42144,13
O42207,16
O42241,18
O42364,17
O42471,18
O42493,18
O42499,18
O42717,7
O42809,31
O42824,31
O42918,2
O43063,21
O43169,7
O43280,2
O43555,18
O43612,18
O43653,33
O43692,1
O43895,40
O43921,2
O44185,36
O44314,10
O44516,2
O44662,29
O44663,29
O44664,29
O44665,29
O45027,23
O46028,46
O46162,15
O46390,17
O46403,17
O46427,34
O46501,2
O46540,5
O46541,0
O46542,49
O46617,7
O46644,16
O46688,0
O48915,2
O49320,34
O49347,34
O49519,11
O49586,2
O49644,2
O49645,40
O50110,21
O52748,40
O54329,7
O54713,18
O54800,1
O54861,24
O55162,2
O55183,46
O55186,2
O55232,18
O55241,18
O57312,38
O57413,28
O57979,21
O57983,21
O59859,31
O59893,31
O59952,31
O60087,49
O60609,2
O61016,44
O61271,24
O61466,36
O61704,11
O62643,33
O62647,4
O62680,2
O62697,40
O62820,49
O62827,18
O64864,2
O64865,2
O65039,40
O65390,49
O65399,40
O68586,7
O70176,4
O73727,0
O73795,28
O73800,16
O73811,18
O73812,18
O74213,31
O74302,11
O74660,2
O74703,7
O74922,2
O75003,7
O75015,40
O75326,2
O75487,2
O76198,46
O76199,46
O76200,40
O76201,11
O76818,4
O76856,31
O77150,34
O77220,49
O77248,31
O77256,40
O77541,2
O77559,18
O77668,18
O77742,49
O77755,17
O77801,5
O78426,7
O78446,32
O78504,7
O80460,17
O80517,2
O81003,11
O81277,11
O82081,40
O82083,40
O82227,2
O82337,2
O82549,7
O87236,7
O87237,7
O88038,7
O88310,11
O88507,40
O88634,34
O88875,40
O88947,1
O89051,48
O89094,34
O89110,28
O89117,17
O93221,8
O93222,8
O93223,8
O93224,8
O93225,8
O93226,8
O93227,19
O93319,1
O93428,49
O93448,26
O93451,8
O93452,8
O93453,8
O93454,13
O93455,8
O93456,19
O93464,38
O93512,2
O93516,28
O93718,20
O93719,20
O93885,31
O94183,31
O94272,11
O94549,2
O94753,31
O94772,2
O95274,2
O95399,0
O95467,40
O95497,2
O95498,2
O95831,34
O95867,33
O95868,2
O95971,40
O95980,2
O96009,34
O96049,1
O96447,7
O96690,26
O96812,7
O96900,16
O97370,16
O97374,24
O97383,24
O97384,24
O97386,24
O97387,24
O97395,34
O97398,16
O97399,16
O97490,2
O97655,18
O97686,18
O97687,46
O97937,5
O97946,17
O97980,34
O98733,32
O98736,32
P00096,11
P00273,11
P00410,7
P00433,40
P00488,47
P00497,21
P00590,31
P00592,3
P00593,3
P00594,44
P00596,3
P00597,3
P00598,3
P00606,3
P00611,3
P00617,3
P00618,3
P00619,3
P00629,3
P00630,17
P00644,34
P00648,34
P00649,49
P00691,46
P00734,1
P00735,1
P00740,1
P00741,1
P00742,1
P00743,1
P00745,1
P00746,16
P00750,49
P00752,20
P00755,16
P00756,16
P00758,16
P00759,16
P00760,16
P00761,20
P00762,16
P00763,16
P00764,20
P00772,16
P00773,16
P00774,16
P00786,34
P00787,40
P00791,31
P00792,7
P00793,7
P00794,49
P00795,34
P00796,34
P00797,17
P00799,31
P00852,44
P00854,44
P00974,40
P00991,40
P01009,33
P01015,17
P01016,7
P01017,17
P01019,17
P01021,29
P01022,7
P01042,34
P01044,34
P01045,34
P01048,34
P01055,49
P01063,7
P01064,7
P01068,29
P01070,40
P01076,40
P01088,40
P01089,34
P01090,34
P01091,34
P01134,1
P01135,1
P01142,26
P01143,26
P01146,26
P01148,18
P01149,19
P01156,6
P01160,5
P01161,5
P01165,48
P01168,0
P01169,0
P01170,0
P01171,0
P01172,48
P01175,18
P01176,44
P01177,18
P01178,18
P01179,18
P01180,18
P01181,40
P01183,18
P01184,44
P01185,18
P01186,18
P01189,43
P01190,43
P01191,43
P01192,43
P01193,43
P01194,43
P01196,22
P01197,22
P01201,43
P01203,7
P01205,7
P01210,6
P01211,6
P01212,4
P01213,4
P01214,4
P01222,40
P01223,40
P01224,40
P01252,47
P01256,26
P01257,22
P01258,22
P01261,13
P01263,4
P01268,20
P01269,20
P01270,20
P01272,13
P01273,13
P01274,41
P01275,13
P01278,4
P01282,4
P01283,4
P01284,34
P01286,1
P01289,26
P01295,18
P01297,18
P01298,4
P01299,4
P01300,4
P01301,18
P01302,10
P01303,18
P01304,18
P01307,49
P01308,0
P01310,0
P01311,0
P01313,0
P01314,0
P01315,0
P01316,0
P01317,0
P01318,0
P01319,0
P01320,0
P01321,0
P01322,0
P01323,0
P01324,0
P01325,0
P01326,0
P01327,0
P01328,0
P01329,0
P01330,11
P01331,11
P01333,0
P01334,0
P01335,0
P01336,0
P01338,11
P01339,0
P01340,0
P01342,0
P01344,43
P01346,43
P01347,17
P01348,17
P01349,40
P01350,23
P01351,23
P01352,23
P01353,23
P01354,23
P01355,38
P01356,38
P01357,29
P01358,11
P01360,4
P01361,13
P01362,13
P01364,24
P01376,17
P01377,17
P01496,49
P01499,39
P01500,39
P01501,39
P01512,31
P01513,31
P01522,12
P01523,13
P01538,40
P01558,7
P01559,40
P01579,40
P01830,33
P01831,33
P01923,9
P01924,9
P01926,9
P01928,9
P01929,9
P01930,9
P01932,9
P01933,9
P01936,9
P01937,9
P01938,9
P01940,9
P01941,9
P01942,9
P01943,9
P01944,9
P01945,9
P01946,9
P01947,9
P01949,9
P01950,9
P01951,9
P01953,9
P01954,9
P01955,9
P01956,9
P01957,9
P01958,9
P01959,9
P01960,9
P01963,9
P01964,9
P01965,9
P01966,9
P01969,9
P01971,9
P01973,9
P01975,9
P01976,9
P01979,9
P02070,28
P02324,11
P02331,11
P02332,11
P02333,11
P02334,11
P02545,28
P02592,7
P02662,34
P02663,34
P02666,34
P02668,34
P02671,49
P02672,49
P02674,34
P02675,49
P02676,7
P02677,7
P02678,7
P02681,34
P02702,40
P02703,31
P02704,31
P02705,31
P02765,34
P02768,49
P02769,49
P02770,49
P02788,28
P02807,11
P02814,34
P02818,46
P02820,49
P02822,46
P02852,40
P02866,28
P02870,34
P02873,40
P02876,40
P02877,34
P02879,34
P02883,40
P02884,40
P02893,11
P02894,11
P02896,33
P02898,33
P02945,7
P02947,40
P02956,32
P02957,32
P03953,16
P03954,17
P03955,17
P03969,7
P03994,44
P03997,34
P03998,34
P04002,46
P04004,17
P04054,3
P04055,3
P04058,2
P04070,1
P04071,16
P04073,31
P04074,7
P04083,47
P04087,17
P04089,1
P04090,24
P04092,4
P04093,11
P04094,6
P04118,31
P04123,40
P04124,40
P04156,2
P04166,7
P04204,13
P04205,39
P04216,33
P04233,34
P04237,9
P04273,2
P04279,34
P04403,34
P04404,5
P04405,40
P04441,34
P04560,0
P04563,23
P04564,40
P04566,11
P04640,49
P04652,40
P04667,0
P04776,40
P04808,24
P04814,16
P04815,46
P04836,46
P04917,49
P04922,11
P04925,2
P04929,34
P04971,16
P04996,32
P04997,32
P04998,32
P04999,32
P05017,33
P05019,40
P05023,7
P05024,7
P05025,7
P05059,5
P05060,41
P05067,28
P05110,13
P05111,17
P05117,40
P05118,49
P05125,5
P05140,24
P05154,46
P05161,11
P05186,2
P05187,2
P05208,16
P05222,34
P05224,29
P05225,29
P05226,29
P05230,47
P05305,13
P05315,40
P05337,32
P05408,48
P05421,19
P05422,19
P05484,37
P05486,18
P05516,7
P05533,2
P05620,16
P05657,44
P05689,17
P05805,20
P05834,7
P05995,34
P06003,7
P06004,7
P06014,33
P06015,33
P06016,33
P06017,33
P06026,31
P06181,31
P06215,40
P06222,7
P06281,17
P06296,26
P06297,22
P06298,43
P06299,43
P06300,4
P06302,47
P06303,18
P06306,0
P06307,38
P06308,13
P06399,49
P06402,32
P06413,7
P06414,7
P06454,47
P06575,7
P06580,0
P06585,32
P06596,3
P06635,9
P06648,11
P06685,7
P06686,7
P06731,11
P06750,34
P06767,26
P06811,11
P06850,26
P06870,16
P06871,16
P06872,16
P06881,26
P06883,13
P06884,4
P06885,40
P06914,11
P06915,11
P07056,46
P07063,32
P07095,46
P07140,2
P07146,16
P07150,47
P07164,7
P07194,4
P07198,13
P07208,33
P07209,33
P07223,41
P07224,1
P07225,1
P07231,34
P07268,7
P07288,16
P07339,49
P07354,44
P07357,49
P07358,46
P07403,9
P07405,9
P07414,9
P07419,9
P07421,9
P07425,9
P07449,11
P07453,0
P07455,33
P07456,43
P07466,17
P07467,17
P07469,17
P07477,16
P07478,16
P07480,13
P07490,18
P07492,18
P07499,5
P07500,5
P07501,5
P07584,31
P07585,49
P07593,40
P07602,28
P07628,16
P07634,0
P07640,20
P07647,16
P07660,22
P07662,28
P07692,2
P07712,4
P07724,49
P07753,32
P07808,18
P07826,32
P07835,46
P07853,40
P07858,40
P07907,29
P07911,2
P07965,40
P07987,31
P07994,17
P08021,27
P08025,33
P08067,34
P08136,7
P08145,11
P08146,11
P08147,11
P08148,2
P08162,18
P08163,18
P08174,2
P08217,16
P08218,16
P08252,40
P08289,2
P08306,11
P08307,11
P08311,40
P08372,20
P08379,18
P08405,11
P08419,16
P08424,34
P08426,16
P08435,22
P08454,49
P08459,2
P08469,2
P08493,40
P08571,40
P08582,11
P08592,28
P08672,11
P08673,11
P08674,11
P08675,11
P08676,11
P08677,11
P08697,34
P08709,1
P08759,49
P08796,2
P08818,34
P08819,34
P08835,49
P08852,9
P08858,22
P08861,16
P08872,3
P08873,3
P08878,28
P08897,16
P08932,34
P08934,34
P08947,22
P08948,22
P08949,18
P08950,22
P08989,18
P09031,49
P09040,26
P09093,16
P09166,40
P09167,40
P09177,31
P09196,40
P09221,7
P09240,38
P09242,2
P09326,2
P09420,9
P09475,7
P09476,0
P09477,0
P09487,2
P09535,43
P09558,13
P09566,7
P09572,7
P09582,16
P09598,46
P09646,31
P09668,34
P09681,4
P09683,17
P09686,13
P09687,7
P09752,32
P09791,2
P09839,9
P09841,49
P09859,17
P09870,28
P09873,7
P09876,0
P09892,24
P09893,34
P09904,9
P09906,9
P09908,9
P09916,1
P09923,2
P09928,40
P09929,24
P09971,36
P09989,32
P0A1D7,44
P0A1D8,44
P0A310,7
P0A311,7
P0A312,7
P0A313,7
P0A3Z7,46
P0A3Z8,46
P0A444,32
P0A445,32
P0A446,32
P0A447,32
P0A4M3,40
P0A5P9,46
P0A6G7,44
P0A6G8,44
P0A6G9,44
P0ABF1,7
P0ACE0,33
P0ACE1,33
P0ACE2,33
P0AD68,40
P0AD69,40
P0C075,11
P0C0H8,7
P0C0H9,7
P0C0P5,24
P0C0P6,24
P0C0P7,46
P0C0P8,40
P0C0Q1,3
P0C0Q2,3
P0C157,32
P0C158,7
P0C171,34
P0C172,24
P0C174,11
P0C175,40
P0C176,11
P0C195,34
P0C1D0,40
P0C1M0,34
P0C1M8,12
P0C1N1,15
P0C1N2,40
P0C1N3,40
P0C1N4,39
P0C1N5,39
P0C1N6,39
P0C1N7,15
P0C1N8,15
P0C1Q6,39
P0C1Q7,39
P0C1T5,40
P0C1T6,46
P0C1T7,46
P0C1U8,3
P0C1V5,11
P0C1V6,11
P0C1V7,11
P0C1V9,46
P0C1W0,34
P0C1W3,12
P0C1W4,39
P0C1W5,46
P0C1W6,46
P0C1X1,34
P0C1Y2,39
P0C1Z3,7
P0C201,24
P0C202,12
P0C228,40
P0C236,0
P0C247,14
P0C248,39
P0C249,11
P0C250,39
P0C251,46
P0C252,48
P0C253,49
P0C254,48
P0C255,48
P0C258,48
P0C2A6,11
P0C2A8,11
P0C2B0,39
P0C2B1,39
P0C2E5,47
P0C2F3,34
P0C2I4,11
P0C2I8,11
P0C2J2,11
P0C2J4,11
P0C2J6,11
P0C2L5,12
P0C2L6,12
P0C2S6,11
P0C2S7,49
P0C2S8,49
P0C2S9,49
P0C2X7,14
P0C365,7
P0C366,7
P0C367,7
P0C408,7
P0C409,7
P0C410,7
P0C425,39
P0C432,32
P0C433,32
P0C434,32
P0C589,29
P0C5B4,16
P0C5F2,49
P0C5W7,8
P0C5X7,14
P0C607,49
P0C636,34
P0C637,39
P0C638,39
P0C639,39
P0C640,39
P0C641,15
P0C666,39
P0C667,34
P0C668,13
P0C669,39
P0C670,39
P0C6E4,28
P0C6E8,28
P0C7I1,13
P0C7P5,34
P0C7P6,0
P0C7S9,2
P0C7T4,7
P0C7W1,28
P0C7W2,11
P0C7W3,11
P0C828,39
P0C829,34
P0C831,37
P0C832,40
P0C833,12
P0C834,37
P0C837,39
P0C845,40
P0C846,40
P0C847,40
P0C848,40
P0C850,40
P0C8A1,17
P0C8A2,17
P0C8A3,17
P0C8A4,12
P0C8A5,17
P0C8A7,17
P0C8A9,17
P0C8D9,34
P0C8E3,40
P0C8P8,40
P0C8P9,7
P0C8R2,34
P0C8S5,34
P0C8S6,44
P0C8U4,34
P0C8U5,47
P0C8U6,12
P0C8U7,12
P0C8U8,34
P0C8U9,34
P0C8V0,46
P0C8V1,34
P0C8V5,12
P0C8V6,12
P0C8V7,12
P0C8V8,37
P0C8V9,40
P0C8W0,46
P0C8W1,22
P0C8W2,22
P0C8W4,49
P0C8X8,39
P0C8X9,12
P0C8Y8,34
P0C901,7
P0C902,12
P0C903,14
P0C904,34
P0C905,12
P0C906,13
P0C907,39
P0C912,7
P0C940,3
P0C954,2
P0C955,2
P0C956,2
P0C957,2
P0C958,2
P0CAQ2,34
P0CAQ3,34
P0CAQ4,34
P0CAQ5,34
P0CAQ6,39
P0CAQ7,40
P0CAQ8,34
P0CAQ9,34
P0CAX4,24
P0CAZ2,25
P0CAZ3,25
P0CAZ4,25
P0CAZ5,25
P0CAZ6,25
P0CAZ7,25
P0CAZ8,34
P0CAZ9,25
P0CB07,15
P0CB08,34
P0CB09,12
P0CB10,12
P0CB11,12
P0CB12,15
P0CB14,11
P0CB20,46
P0CC04,46
P0CC19,46
P0CE24,46
P0CE25,46
P0CE26,46
P0CE27,46
P0CE28,46
P0CE29,46
P0CE30,46
P0CE31,46
P0CE32,46
P0CE33,46
P0CE34,46
P0CE35,46
P0CE36,46
P0CE73,39
P0CE74,39
P0CE75,34
P0CE76,34
P0CE79,49
P0CE80,49
P0CE81,49
P0CE82,49
P0CE83,49
P0CF01,11
P0CF15,46
P0CG03,16
P0CG46,40
P0CG54,11
P0CH14,46
P0CH21,40
P0CH22,48
P0CH23,48
P0CH24,40
P0CH25,9
P0CH26,9
P0CH28,11
P0CH39,34
P0CH45,24
P0CH46,24
P0CH47,49
P0CH50,44
P0CH56,14
P0CH57,49
P0CH70,44
P0CH90,24
P0CI13,24
P0CI14,24
P0CI42,49
P0CI49,49
P0CI88,46
P0CI89,35
P0CI90,35
P0CI91,35
P0CI92,35
P0CJ11,11
P0CJ21,15
P0CJ41,16
P0CJ45,49
P0CO54,11
P0CO55,11
P0CP28,34
P0CP29,34
P0CP76,2
P0CP77,2
P0CS83,31
P0CS93,34
P0CU33,31
P0CU54,31
P0CU55,31
P0CU58,7
P0CU61,7
P0CU62,7
P0CU63,7
P0CU64,7
P0CU65,7
P0CW02,2
P0CW03,2
P0CX18,40
P0CX19,40
P0CX57,11
P0CX58,11
P0CX59,11
P0CX60,11
P0CX61,11
P0CX62,11
P0CX65,11
P0CX66,11
P0CX67,11
P0CX68,11
P0CX69,11
P0CX70,11
P0CX71,11
P0CX72,11
P0CX73,11
P0CX74,11
P0CX75,11
P0CX76,11
P0CX80,7
P0CX81,7
P0CY26,31
P0CY27,31
P0CY28,31
P0CY29,31
P0CY50,40
P0CY51,40
P0CY60,12
P0CY61,12
P0CY62,12
P0CY63,12
P0CY64,11
P0CY65,39
P0CY66,39
P0CY67,12
P0CY68,39
P0CY69,40
P0CY70,37
P0CY71,40
P0CY72,12
P0CY73,46
P0CY75,39
P0CY76,40
P0CY77,40
P0CY78,39
P0CY79,39
P0CY80,39
P0CY81,40
P0CY82,34
P0CY83,34
P0CY84,39
P0CY86,39
P0CY87,39
P0CY88,34
P0CZ18,46
P0DE28,44
P0DE29,44
P0DJ02,22
P0DJ03,22
P0DJ06,31
P0DJ08,46
P0DJ33,12
P0DJ34,15
P0DJ35,24
P0DJ36,40
P0DJ37,40
P0DJ38,40
P0DJ39,40
P0DJ40,40
P0DJ41,13
P0DJ64,49
P0DJ65,49
P0DJ67,49
P0DJ68,49
P0DJ70,49
P0DJ71,49
P0DJ72,49
P0DJ73,49
P0DJ75,49
P0DJ76,49
P0DJ78,49
P0DJ79,49
P0DJ80,49
P0DJ81,49
P0DJ82,49
P0DJ84,49
P0DJ85,49
P0DJ95,34
P0DJ96,7
P0DJA9,14
P0DJC4,13
P0DJC5,13
P0DJC6,12
P0DJC7,12
P0DJD7,31
P0DJD8,31
P0DJD9,31
P0DJF5,16
P0DJF6,16
P0DJI8,11
P0DJK0,34
P0DJK1,34
P0DJL0,46
P0DJO3,35
P0DJO4,22
P0DKL3,40
P0DKL8,40
P0DKM1,48
P0DKM2,46
P0DKM3,49
P0DKN0,49
P0DKN1,34
P0DKP4,29
P0DKP5,34
P0DKP6,34
P0DKP7,34
P0DKP8,34
P0DKP9,15
P0DKQ0,24
P0DKQ1,48
P0DKQ2,24
P0DKQ3,12
P0DKQ5,12
P0DKQ6,40
P0DKQ7,34
P0DKQ9,13
P0DKU2,34
P0DKY9,40
P0DKZ0,40
P0DKZ1,48
P0DKZ9,7
P0DL36,39
P0DL37,39
P0DL38,49
P0DL49,24
P0DL50,24
P0DL51,24
P0DL52,24
P0DL53,24
P0DL54,24
P0DL55,49
P0DL56,49
P0DL57,14
P0DL58,14
P0DL71,40
P0DL75,49
P0DL77,46
P0DL78,46
P0DM16,49
P0DM17,46
P0DM18,46
P0DM19,46
P0DM20,46
P0DM21,39
P0DM23,39
P0DM24,14
P0DM26,34
P0DM27,13
P0DM30,46
P0DM34,46
P0DM55,49
P0DM66,14
P0DM67,14
P0DM68,14
P0DM69,46
P0DM92,17
P0DMB4,34
P0DMB5,34
P0DMD7,37
P0DMD8,14
P0DMD9,40
P0DME2,35
P0DME3,35
P0DME4,35
P0DME6,35
P0DME7,35
P0DME8,22
P0DME9,35
P0DMF1,35
P0DMF2,35
P0DMF3,35
P0DMF4,35
P0DMF5,23
P0DMF6,35
P0DMF7,11
P0DMF8,35
P0DMF9,35
P0DMG0,35
P0DMH7,7
P0DMI6,34
P0DMI7,34
P0DMI8,34
P0DMI9,13
P0DMJ0,34
P0DMJ1,49
P0DMQ0,24
P0DMQ1,24
P0DMQ2,24
P0DMQ3,24
P0DMQ4,12
P0DMX5,24
P0DMX6,24
P0DMX7,24
P0DMX8,24
P0DMX9,24
P0DMY0,24
P0DMY1,24
P0DMY2,24
P0DMY4,24
P0DMY5,24
P0DMY6,24
P0DMY7,24
P0DMY8,24
P0DMY9,49
P0DMZ0,34
P0DMZ1,24
P0DMZ2,11
P0DMZ3,49
P0DMZ4,49
P0DMZ5,49
P0DMZ6,24
P0DMZ7,24
P0DMZ8,29
P0DMZ9,29
P0DN00,49
P0DN01,24
P0DN02,49
P0DN03,49
P0DN04,24
P0DN06,40
P0DN07,40
P0DN08,40
P0DN09,40
P0DN10,40
P0DN11,40
P0DN12,40
P0DN13,40
P0DN14,40
P0DN15,40
P0DN17,40
P0DN18,40
P0DN19,40
P0DN20,40
P0DN29,49
P0DN32,2
P0DN42,18
P0DN43,18
P0DN44,34
P0DN45,34
P0DN46,24
P0DN47,40
P0DN48,34
P0DN49,46
P0DN50,46
P0DN51,46
P0DN52,46
P0DN53,34
P0DN54,46
P0DN55,34
P0DN56,46
P0DN57,46
P0DN58,46
P0DN59,46
P0DN60,40
P0DN61,46
P0DN62,46
P0DN65,46
P0DN96,17
P0DN97,17
P0DN98,28
P0DN99,11
P0DO15,46
P0DO16,46
P0DOA1,3
P0DOZ7,11
P0DP14,11
P0DP16,34
P0DP47,49
P0DP52,17
P0DP55,18
P0DP56,6
P0DP58,33
P0DP60,33
P0DP62,33
P0DPA6,33
P0DPE6,49
P0DPE7,35
P0DPG6,49
P0DPL8,39
P0DPL9,39
P0DPM0,39
P0DPM1,34
P0DPM4,12
P0DPQ9,33
P0DPR9,39
P0DPT2,34
P0DPT7,3
P0DPT9,3
P0DPU4,46
P0DPV4,49
P0DPW9,40
P0DPX0,46
P0DQA3,46
P0DQA4,46
P0DQA5,49
P0DQJ4,14
P0DQJ5,14
P0DQJ8,7
P0DQL3,7
P0DQL4,7
P0DQL5,7
P0DQL6,7
P0DQL7,7
P0DQL8,7
P0DQL9,7
P0DQM0,7
P0DQM1,7
P0DQM2,7
P0DQM3,7
P0DQM4,7
P0DQM5,7
P0DQN7,49
P0DQP3,49
P0DQP4,49
P0DQP5,37
P0DQR6,49
P0DQR8,14
P0DQS1,14
P0DQS2,14
P0DQT1,35
P0DQT5,34
P0DQV4,49
P0DQX0,46
P0DQX1,46
P0DQX2,46
P0DQY8,24
P0DQY9,24
P0DQZ1,49
P0DQZ4,39
P0DQZ5,39
P0DQZ6,39
P0DQZ7,34
P0DQZ8,39
P0DQZ9,40
P0DRA0,13
P0DRA1,39
P0DRA2,39
P0DRA3,34
P0DRA4,34
P0DRB9,37
P0DRC3,37
P0DRC4,49
P0DRC9,49
P0DRD0,39
P0DRD1,39
P0DRD2,39
P0DRD3,25
P0DRD4,39
P0DRD5,15
P0DRD6,40
P0DRH3,11
P0DRH4,11
P0DRH5,11
P0DRH6,11
P0DRH7,12
P0DRH9,34
P0DRI0,14
P0DRI1,28
P0DRI2,40
P0DRI3,46
P0DRI5,7
P0DRI6,17
P0DRI7,46
P0DRJ4,29
P0DRJ8,7
P0DRL1,12
P0DRL4,39
P0DRM3,34
P0DRM4,34
P0DSI4,34
P0DSI5,11
P0DSI6,40
P0DSJ4,25
P0DSJ5,49
P0DSJ8,40
P0DSJ9,40
P0DSK0,28
P0DSK1,40
P0DSK2,11
P0DSK4,46
P0DSK5,46
P0DSK6,46
P0DSK7,39
P0DTJ2,18
P0DTJ3,49
P0DTJ4,40
P0DTJ5,34
P0DTJ6,48
P0DTJ7,40
P0DTJ8,48
P0DTJ9,34
P0DTK0,44
P0DTL4,33
P0DTR9,17
P0DTU1,13
P0DTU2,7
P0DTW2,44
P0DUB0,46
P0DUC0,37
P0DUC3,7
P0DUG2,49
P0DUG5,39
P0DUG6,39
P0DUG7,39
P0DUG8,39
P0DUG9,39
P0DUH0,39
P0DUH1,39
P0DUH2,39
P0DUH3,39
P0DUH4,39
P0DUJ5,35
P0DUJ6,40
P0DUQ4,11
P0DUQ5,48
P0DUQ7,46
P0DUQ8,46
P0DUS1,40
P0DUS2,34
P0DUS3,34
P0DUS4,34
P0DUT2,19
P0DUT3,34
P0DUT4,39
P0DUT5,39
P0DUT6,29
P0DUU4,11
P0DUV2,11
P0DV01,7
P0DV31,37
P0DV32,37
P0DV62,49
P0DV71,7
P0DV95,46
P0DV96,49
P0DW17,34
P0DW18,34
P0DW19,34
P0DW20,40
P0DW21,34
P0DW22,39
P0DW23,34
P0DW24,34
P0DW25,34
P0DW26,34
P0DW50,7
P0DW72,49
P0DW73,12
P0DW74,12
P0DW75,12
P0DW76,12
P0DW77,12
P0DW78,12
P0DW83,39
P0DW84,46
P0DX20,34
P0DX47,39
P0DX48,39
P0DX49,46
P0DX55,44
P0DX60,39
P0DX61,34
P0DX64,35
P0DX99,46
P0DXA1,46
P0DXT1,39
P0DXT2,39
P0DXT3,39
P0DXT4,39
P0DXT5,39
P0DXT6,39
P0DXT7,39
P0DXT8,39
P0DXT9,39
P0DXU0,39
P0DXU1,39
P0DXU2,40
P0DXU3,40
P0DXW6,39
P0DXW7,39
P0DXW8,49
P0DXW9,39
P0DXZ4,13
P0DXZ5,34
P0DXZ6,46
P0DXZ8,11
P0DXZ9,40
P0DY00,35
P0DY01,11
P0DY02,11
P0DY03,11
P0DY04,34
P0DY15,40
P0DY16,35
P0DY17,11
P0DY19,34
P0DY21,40
P0DY24,40
P0DY25,34
P0DY38,24
P0DY39,46
P0DY42,3
P0DY99,34
P0DYB0,48
P0DYB1,34
P0DYB2,39
P0DYB3,13
P0DYB4,15
P10000,43
P10034,40
P10082,18
P10092,26
P10093,26
P10107,47
P10163,49
P10247,34
P10252,2
P10253,34
P10279,2
P10286,26
P10293,40
P10296,40
P10297,40
P10333,34
P10347,7
P10348,7
P10354,5
P10362,41
P10410,31
P10414,46
P10419,29
P10510,32
P10552,36
P10601,18
P10602,31
P10605,40
P10631,18
P10645,5
P10673,6
P10674,2
P10675,40
P10683,4
P10696,2
P10730,46
P10731,49
P10743,46
P10754,7
P10763,33
P10764,43
P10769,40
P10774,40
P10778,9
P10804,7
P10810,40
P10859,44
P10863,2
P10883,9
P10885,9
P10891,31
P10892,9
P10915,7
P10946,7
P10960,17
P10968,40
P10969,40
P10997,22
P11006,27
P11018,7
P11030,28
P11095,7
P11140,34
P11159,23
P11184,7
P11185,7
P11214,49
P11242,13
P11280,43
P11384,1
P11477,17
P11478,17
P11489,31
P11515,11
P11542,31
P11543,31
P11685,7
P11686,7
P11750,9
P11751,9
P11753,9
P11757,9
P11761,29
P11827,49
P11828,40
P11834,2
P11848,32
P11858,44
P11859,17
P11863,7
P11885,43
P11924,7
P11925,7
P11952,7
P11953,40
P11975,7
P12019,49
P12023,28
P12027,11
P12064,34
P12163,7
P12164,7
P12226,7
P12254,44
P12260,47
P12272,4
P12285,34
P12350,40
P12412,40
P12463,32
P12546,16
P12656,40
P12703,0
P12704,0
P12705,7
P12706,0
P12707,0
P12708,0
P12719,32
P12729,2
P12760,4
P12764,10
P12788,16
P12797,7
P12819,11
P12838,17
P12872,49
P12944,11
P12960,2
P12961,48
P12963,7
P12966,22
P12967,22
P12968,22
P12969,22
P13068,7
P13075,20
P13077,20
P13078,20
P13083,18
P13085,24
P13109,7
P13190,0
P13204,0
P13205,40
P13206,13
P13207,13
P13208,30
P13238,40
P13241,26
P13276,31
P13284,11
P13385,11
P13389,18
P13401,2
P13432,34
P13521,41
P13562,18
P13589,4
P13609,49
P13636,7
P13684,13
P13696,47
P13725,40
P13814,11
P13815,11
P13826,11
P13829,2
P13852,2
P13910,32
P13987,2
P14043,2
P14087,47
P14089,7
P14091,46
P14138,13
P14151,1
P14200,13
P14207,2
P14213,35
P14214,35
P14237,7
P14384,2
P14387,9
P14389,9
P14390,9
P14448,49
P14460,44
P14478,7
P14480,46
P14525,9
P14530,28
P14531,24
P14593,11
P14608,40
P14639,49
P14660,32
P14661,40
P14749,49
P14765,18
P14781,11
P14804,31
P14872,49
P14894,28
P14904,7
P14925,49
P14944,24
P15013,44
P15087,46
P15131,13
P15167,11
P15191,32
P15210,18
P15211,18
P15217,13
P15309,33
P15322,34
P15328,2
P15369,31
P15410,0
P15411,0
P15438,7
P15448,9
P15457,34
P15458,34
P15459,34
P15460,34
P15471,34
P15490,46
P15513,10
P15515,40
P15516,34
P15555,40
P15566,34
P15655,7
P15693,2
P15706,2
P15711,2
P15743,1
P15750,20
P15783,7
P15797,11
P15812,17
P15819,7
P15944,16
P15945,16
P15946,16
P15947,16
P15948,16
P15949,16
P15969,34
P16014,41
P16033,32
P16041,18
P16042,18
P16043,1
P16049,16
P16094,40
P16228,34
P16229,18
P16231,49
P16240,22
P16278,17
P16291,1
P16292,1
P16293,16
P16294,1
P16296,1
P16316,7
P16317,7
P16404,40
P16431,33
P16444,2
P16501,11
P16531,40
P16545,33
P16613,4
P16708,49
P16859,40
P16860,5
P16870,46
P17084,31
P17118,34
P17207,16
P17219,34
P17238,39
P17251,1
P17260,2
P17322,13
P17333,34
P17347,34
P17349,28
P17490,17
P17533,49
P17534,40
P17640,5
P17647,33
P17655,47
P17668,18
P17681,7
P17685,13
P17686,13
P17689,9
P17715,0
P17716,22
P17722,31
P17727,49
P17737,31
P17896,34
P17900,17
P17934,3
P17946,31
P17974,46
P17979,34
P17981,2
P17982,11
P18104,0
P18109,0
P18145,0
P18181,2
P18188,11
P18242,49
P18254,33
P18263,7
P18276,17
P18290,32
P18292,1
P18301,46
P18313,31
P18337,1
P18421,44
P18509,4
P18511,12
P18512,12
P18513,12
P18619,28
P18764,2
P18829,18
P18830,18
P18844,48
P18889,7
P18907,7
P18908,0
P18909,40
P18965,16
P18969,9
P18970,9
P18971,9
P18972,9
P18973,9
P18975,9
P18976,9
P18977,9
P18978,9
P18998,28
P19000,3
P19014,9
P19015,9
P19021,49
P19090,31
P19111,2
P19121,49
P19144,7
P19171,40
P19209,0
P19218,2
P19221,1
P19236,16
P19259,2
P19260,2
P19402,43
P19425,49
P19455,2
P19540,1
P19578,7
P19594,34
P19596,7
P19597,11
P19599,2
P19619,47
P19637,49
P19645,9
P19660,34
P19667,40
P19707,33
P19708,33
P19713,41
P19799,16
P19802,36
P19806,24
P19813,2
P19823,49
P19827,46
P19872,18
P19884,24
P19957,49
P19971,7
P19998,13
P20002,47
P20003,7
P20005,16
P20068,6
P20076,49
P20094,46
P20139,7
P20140,7
P20141,7
P20142,31
P20146,3
P20151,16
P20156,34
P20160,16
P20164,40
P20231,16
P20305,46
P20347,34
P20366,26
P20382,13
P20394,15
P20465,29
P20466,29
P20481,10
P20616,41
P20618,44
P20656,40
P20736,2
P20757,17
P20798,49
P20800,13
P20827,33
P20840,2
P20854,9
P20946,2
P20947,2
P20948,40
P20949,40
P20950,33
P20968,0
P20974,11
P21149,44
P21200,9
P21226,40
P21252,43
P21259,29
P21379,9
P21529,11
P21563,13
P21588,11
P21589,11
P21591,23
P21624,40
P21654,39
P21752,47
P21764,31
P21779,0
P21780,0
P21786,23
P21793,49
P21808,0
P21809,17
P21810,17
P21819,22
P21838,7
P21840,33
P21841,7
P21845,16
P21850,19
P21852,11
P21857,40
P21902,24
P21978,40
P22005,6
P22146,2
P22226,40
P22282,46
P22287,40
P22288,7
P22304,17
P22321,44
P22322,44
P22334,13
P22387,13
P22388,13
P22389,13
P22398,7
P22412,2
P22457,1
P22466,4
P22522,44
P22642,40
P22725,46
P22748,2
P22832,31
P22858,24
P22889,22
P22890,13
P22891,1
P22923,43
P22969,17
P23019,9
P23026,3
P23079,7
P23093,11
P23110,49
P23132,17
P23176,31
P23223,2
P23259,11
P23317,7
P23318,7
P23362,38
P23389,11
P23431,11
P23435,34
P23442,22
P23472,11
P23505,2
P23515,2
P23535,11
P23546,11
P23582,0
P23603,46
P23613,40
P23694,7
P23695,43
P23699,46
P23700,46
P23724,44
P23776,31
P23780,49
P23785,17
P23826,7
P23907,2
P23943,13
P24022,7
P24091,40
P24158,11
P24160,15
P24259,5
P24268,46
P24291,9
P24302,25
P24335,40
P24393,18
P24478,32
P24551,47
P24625,32
P24627,28
P24641,11
P24642,11
P24665,31
P24690,20
P24725,32
P24726,32
P24787,18
P24803,7
P24807,2
P24822,2
P24823,2
P24856,30
P25031,17
P25043,21
P25063,2
P25116,46
P25155,1
P25289,41
P25291,2
P25308,26
P25380,2
P25383,11
P25421,26
P25501,29
P25796,17
P25810,40
P25955,20
P25956,20
P26213,31
P26214,31
P26215,31
P26305,49
P26326,2
P26327,33
P26328,33
P26329,33
P26330,33
P26331,33
P26332,2
P26333,33
P26334,33
P26335,2
P26339,5
P26349,24
P26350,47
P26694,11
P26726,0
P26727,0
P26728,0
P26729,0
P26730,0
P26731,0
P26732,0
P26733,0
P26734,0
P26735,0
P26736,0
P26737,0
P26738,0
P26739,13
P26740,0
P26741,0
P26742,0
P26743,13
P26758,46
P26771,11
P26779,28
P26780,40
P26792,49
P26824,46
P26886,40
P26915,9
P26917,0
P26992,2
P27058,34
P27104,5
P27114,49
P27177,2
P27197,28
P27201,32
P27274,2
P27275,49
P27435,16
P27590,40
P27596,5
P27654,2
P27666,11
P27677,17
P27678,28
P27682,48
P27740,34
P27802,20
P27803,20
P27804,20
P27805,20
P27821,31
P27822,31
P27823,17
P28039,49
P28061,21
P28065,21
P28070,44
P28072,21
P28073,21
P28076,21
P28077,21
P28173,21
P28254,7
P28309,17
P28310,17
P28311,17
P28312,17
P28319,2
P28522,7
P28590,34
P28642,7
P28653,17
P28654,49
P28672,18
P28673,18
P28674,18
P28675,49
P28712,31
P28713,31
P28716,46
P28717,49
P28780,9
P28797,17
P28798,17
P28800,34
P28825,1
P28826,17
P28879,34
P28880,37
P28881,37
P28902,40
P28999,31
P29002,19
P29004,19
P29006,13
P29007,18
P29019,49
P29059,40
P29233,23
P29240,2
P29270,32
P29335,0
P29399,34
P29423,49
P29425,46
P29430,7
P29452,28
P29466,28
P29519,0
P29523,2
P29559,7
P29560,13
P29563,7
P29595,11
P29717,31
P29786,16
P29787,16
P29794,13
P29827,40
P29958,28
P30086,47
P30233,34
P30403,28
P30406,0
P30407,0
P30410,0
P30558,46
P30561,7
P30617,11
P30657,44
P30714,7
P30811,3
P30832,7
P30834,49
P30836,1
P30879,7
P30941,34
P30945,41
P30973,18
P30990,6
P31044,47
P31107,8
P31241,41
P31358,2
P31394,1
P31428,2
P31429,2
P31430,2
P31481,7
P31518,40
P31529,46
P31580,3
P31694,32
P31706,20
P31736,20
P31757,46
P31760,20
P31837,31
P31838,31
P31886,40
P31944,7
P31956,40
P31962,44
P31963,44
P31989,28
P31997,11
P32036,32
P32038,16
P32041,11
P32089,7
P32194,39
P32195,39
P32196,39
P32323,2
P32329,2
P32412,8
P32435,11
P32470,31
P32623,2
P32648,4
P32649,11
P32736,2
P32763,2
P32821,16
P32822,16
P32824,16
P32926,1
P32950,31
P32951,31
P33046,39
P33094,0
P33146,1
P33150,2
P33151,1
P33182,7
P33185,32
P33186,40
P33376,46
P33378,46
P33432,49
P33439,18
P33528,40
P33555,20
P33573,34
P33587,1
P33619,16
P33680,40
P33689,18
P33712,33
P33713,40
P33715,0
P33718,24
P33719,24
P33720,24
P33721,0
P33722,0
P33745,41
P33890,2
P34004,47
P34026,20
P34034,7
P34067,44
P34068,7
P34069,7
P34098,17
P34115,2
P34116,40
P34129,34
P34165,7
P34166,7
P34182,28
P34405,23
P34806,7
P34950,34
P34962,40
P34963,40
P34964,40
P35003,16
P35004,16
P35005,16
P35031,16
P35032,16
P35033,16
P35034,16
P35035,16
P35036,16
P35037,16
P35038,16
P35039,16
P35040,16
P35041,16
P35042,16
P35044,16
P35045,16
P35046,16
P35047,16
P35048,16
P35049,16
P35051,7
P35052,2
P35053,2
P35230,17
P35231,17
P35245,7
P35318,18
P35335,31
P35433,21
P35454,18
P35455,18
P35459,2
P35460,2
P35461,33
P35518,7
P35581,19
P35587,16
P35588,16
P35618,7
P35722,40
P35747,49
P35807,18
P35808,44
P35846,2
P35853,21
P35860,32
P35869,7
P35903,46
P35905,10
P36060,7
P36091,11
P36178,16
P36190,11
P36192,31
P36193,24
P36217,31
P36218,31
P36361,40
P36368,16
P36369,16
P36373,16
P36374,16
P36375,16
P36376,16
P36491,32
P36499,7
P36500,7
P36501,7
P36560,3
P36914,31
P36983,49
P36985,49
P37042,18
P37044,4
P37045,49
P37085,24
P37212,44
P37300,39
P37302,49
P37890,46
P37891,11
P38248,2
P38567,2
P38568,40
P38571,28
P38578,7
P38579,7
P38580,7
P38616,31
P38624,21
P38832,2
P38844,40
P39045,40
P39047,7
P39084,8
P39105,2
P39652,49
P39675,16
P39690,42
P40092,2
P40147,46
P40148,46
P40199,11
P40221,34
P40242,2
P40243,2
P40244,2
P40247,2
P40249,2
P40251,2
P40252,2
P40256,2
P40257,2
P40258,2
P40304,44
P40306,21
P40313,16
P40552,2
P40583,2
P40753,40
P40756,0
P40765,44
P40842,25
P40844,25
P40849,7
P40933,34
P40953,2
P40975,7
P41221,46
P41319,0
P41327,9
P41365,31
P41520,38
P41522,0
P41534,4
P41535,4
P41539,26
P41540,26
P41547,13
P41585,4
P41598,7
P41643,7
P41694,43
P41736,44
P41738,7
P41740,34
P41748,34
P41749,31
P41750,31
P41839,40
P41854,10
P41855,36
P41870,36
P41876,36
P41964,46
P42166,28
P42167,7
P42210,46
P42211,46
P42278,16
P42279,16
P42280,16
P42565,36
P42574,7
P42575,28
P42633,0
P42634,39
P42665,49
P42723,7
P42785,49
P42854,17
P42889,31
P42890,31
P42992,7
P43030,46
P43031,17
P43076,2
P43145,18
P43159,46
P43212,46
P43231,31
P43232,31
P43306,18
P43322,7
P43434,3
P43443,23
P43477,2
P43497,2
P43527,28
P43648,46
P43683,7
P45453,7
P45644,4
P45652,4
P45653,18
P45656,4
P45762,20
P45773,20
P45781,20
P45884,31
P46156,40
P46157,40
P46158,17
P46161,40
P46167,40
P46193,47
P46242,32
P46591,2
P46593,2
P46657,2
P46895,32
P46992,2
P46999,46
P47001,31
P47033,2
P47099,11
P47178,2
P47212,13
P47476,44
P47710,34
P47749,34
P47777,2
P47797,16
P47851,18
P47852,2
P47853,17
P47932,17
P47969,6
P48030,1
P48068,49
P48092,34
P48097,18
P48098,11
P48143,4
P48144,4
P48183,32
P48187,7
P48188,7
P48265,32
P48283,2
P48284,2
P48299,13
P48346,34
P48503,7
P48560,2
P48645,43
P48678,28
P48679,28
P48733,2
P48737,7
P48756,4
P48757,23
P48798,7
P48800,7
P48827,31
P48845,46
P49012,31
P49046,46
P49064,49
P49065,49
P49112,17
P49126,49
P49127,24
P49188,26
P49192,0
P49275,16
P49276,16
P49291,2
P49369,34
P49457,2
P49460,32
P49472,7
P49513,7
P49575,31
P49616,2
P49662,28
P49670,0
P49794,40
P49822,49
P49862,16
P49913,40
P49921,18
P49926,26
P49927,2
P49928,40
P49929,40
P49930,40
P49931,40
P49932,40
P49933,39
P49934,39
P49935,34
P49983,44
P50144,22
P50145,22
P50155,32
P50175,6
P50325,40
P50343,16
P50496,2
P50497,2
P50498,2
P50499,2
P50593,2
P50622,31
P50704,17
P50705,17
P50706,17
P50707,17
P50708,17
P50709,17
P50711,17
P50712,17
P50713,17
P50714,17
P50715,40
P50716,11
P50725,31
P50982,39
P50983,39
P50985,39
P50993,7
P50997,7
P51212,32
P51317,7
P51356,7
P51437,40
P51446,2
P51447,2
P51453,48
P51454,24
P51455,24
P51456,17
P51457,33
P51459,43
P51460,5
P51461,5
P51462,33
P51463,0
P51524,34
P51588,16
P51641,40
P51653,2
P51654,2
P51655,2
P51662,47
P51693,11
P51694,18
P51740,2
P51759,32
P51764,32
P51765,32
P51779,16
P51780,2
P51865,11
P51878,28
P51917,18
P51918,18
P51919,18
P51921,4
P51922,18
P51923,4
P51924,18
P51925,18
P52113,2
P52114,2
P52115,17
P52211,24
P52212,20
P52307,40
P52400,11
P52401,11
P52402,11
P52403,40
P52404,40
P52405,40
P52407,40
P52700,46
P52711,34
P52718,34
P52719,31
P52754,31
P52793,2
P52794,2
P52797,2
P52798,40
P52801,2
P52802,40
P52803,2
P52804,2
P52823,49
P52826,7
P52905,16
P52961,2
P53007,7
P53140,34
P53219,46
P53301,2
P53334,31
P53346,40
P53366,18
P53379,2
P53601,28
P53626,31
P53813,1
P53872,2
P54097,40
P54197,2
P54228,40
P54229,40
P54230,40
P54422,46
P54615,49
P54624,16
P54625,16
P54627,16
P54628,16
P54629,16
P54630,16
P54660,2
P54684,40
P54796,7
P54826,2
P54828,40
P54877,40
P54958,49
P55085,34
P55086,34
P55089,26
P55090,26
P55091,16
P55095,13
P55099,22
P55101,17
P55152,7
P55206,0
P55207,0
P55208,11
P55210,28
P55211,28
P55212,7
P55213,7
P55214,28
P55215,28
P55244,47
P55246,18
P55247,18
P55252,7
P55259,33
P55280,1
P55284,1
P55285,1
P55286,1
P55287,1
P55288,1
P55289,1
P55290,33
P55291,1
P55314,17
P55319,18
P55325,31
P55330,31
P55747,34
P55748,34
P55790,7
P55796,40
P55806,17
P55807,40
P55854,11
P55865,28
P55867,28
P55885,23
P55897,34
P55939,7
P55956,31
P55963,13
P56159,40
P56161,40
P56174,46
P56249,25
P56254,34
P56283,0
P56308,7
P56318,32
P56348,7
P56386,17
P56388,0
P56425,39
P56469,40
P56488,46
P56529,15
P56568,7
P56626,40
P56633,12
P56636,34
P56638,39
P56639,39
P56640,34
P56650,7
P56652,46
P56676,14
P56688,24
P56708,12
P56711,13
P56712,14
P56713,12
P56714,12
P56717,18
P56778,7
P56782,7
P56817,17
P56818,17
P56819,17
P56852,14
P56942,13
P56943,41
P56973,34
P56974,44
P57039,20
P57096,2
P57672,40
P57719,20
P57774,18
P58019,2
P58073,24
P58273,7
P58440,34
P58443,34
P58454,29
P58455,29
P58457,34
P58514,34
P58519,34
P58560,7
P58583,7
P58599,46
P58604,49
P58784,39
P58786,39
P58787,39
P58806,40
P58808,40
P58809,40
P58811,39
P58844,34
P58846,15
P58906,28
P58911,49
P58913,24
P58916,44
P58917,37
P58920,37
P58922,40
P58924,39
P58925,13
P58927,24
P58930,40
P59018,3
P59082,7
P59097,34
P59261,39
P59262,39
P59359,3
P59367,37
P59368,37
P59406,44
P59665,40
P59666,40
P59833,2
P59888,34
P59906,35
P59914,3
P60016,17
P60022,17
P60023,17
P60030,17
P60031,17
P60032,17
P60041,0
P60042,0
P60207,34
P60242,7
P60243,7
P60252,24
P60253,24
P60272,12
P60274,34
P60523,9
P60529,9
P60530,9
P60590,14
P60755,2
P60756,2
P60761,40
P60976,37
P60980,12
P61103,14
P61104,14
P61116,20
P61118,20
P61148,47
P61149,47
P61229,37
P61261,17
P61262,17
P61263,17
P61278,0
P61279,0
P61282,11
P61312,39
P61364,15
P61365,15
P61366,15
P61409,12
P61516,22
P61761,2
P61762,2
P61766,2
P61767,2
P61768,2
P61849,26
P61855,18
P61914,49
P61915,49
P62177,7
P62178,7
P62179,7
P62180,44
P62181,44
P62182,44
P62530,7
P62531,7
P62544,44
P62545,44
P62546,11
P62547,11
P62548,11
P62549,11
P62568,11
P62569,44
P62570,11
P62571,11
P62804,11
P62903,39
P62926,34
P62927,34
P62928,34
P62929,34
P62930,34
P62931,34
P63105,9
P63106,9
P63107,9
P63108,9
P63109,9
P63110,9
P63111,9
P63112,9
P63152,18
P63153,18
P63181,11
P63182,34
P63186,46
P63292,1
P63298,1
P65830,21
P65831,21
P66125,44
P66126,44
P66133,44
P66134,44
P66135,44
P66136,44
P66137,44
P66139,44
P67788,18
P67815,9
P67816,9
P67817,9
P67818,9
P67861,40
P67863,40
P67885,7
P67886,7
P67934,22
P67968,0
P67969,0
P67970,0
P67971,0
P67972,0
P67973,0
P67974,0
P67986,2
P67987,2
P67988,2
P67989,2
P67990,2
P67991,2
P67992,2
P67993,2
P67994,2
P67995,2
P67996,2
P67997,2
P68000,22
P68001,22
P68004,40
P68005,40
P68213,7
P68235,9
P68236,9
P68237,9
P68243,0
P68245,0
P68248,22
P68259,41
P68407,39
P68408,39
P68409,39
P68421,46
P68424,12
P68425,49
P68426,14
P68515,29
P68577,7
P68827,34
P68871,28
P68987,0
P68988,0
P68989,0
P68990,0
P68991,11
P68992,11
P69014,11
P69015,11
P69016,11
P69017,11
P69019,13
P69020,11
P69021,13
P69031,25
P69045,0
P69046,0
P69047,0
P69048,0
P69051,7
P69052,7
P69107,18
P69108,18
P69109,18
P69155,41
P69156,41
P69157,41
P69192,34
P69193,34
P69327,31
P69328,31
P69391,39
P69437,44
P69498,48
P69499,48
P69500,48
P69501,48
P69550,32
P69551,32
P69556,32
P69557,32
P69560,32
P69561,32
P69562,32
P69563,32
P69564,32
P69565,32
P69657,34
P69658,39
P69693,7
P69694,7
P69745,34
P69747,39
P69748,12
P69749,12
P69750,12
P69751,12
P69753,15
P69754,39
P69755,12
P69757,12
P69758,12
P69759,40
P69760,12
P69761,12
P69762,12
P69763,12
P69764,40
P69765,39
P69766,46
P69767,48
P69768,13
P69769,15
P69770,40
P69905,9
P69906,9
P69907,9
P69928,24
P69929,29
P69930,24
P69939,49
P69940,34
P70059,16
P70074,18
P70107,40
P70160,13
P70180,34
P70195,21
P70269,46
P70296,47
P70343,28
P70375,1
P70380,7
P70407,1
P70408,1
P70458,46
P70664,40
P70668,40
P70677,7
P70699,34
P71001,7
P72507,7
P74765,46
P74977,40
P75458,44
P77935,21
P78722,11
P79076,34
P79110,7
P79141,2
P79307,28
P79357,40
P79362,34
P79695,4
P79727,2
P79728,2
P79799,17
P79874,8
P79875,8
P79876,13
P79897,40
P79953,16
P79995,1
P80015,16
P80060,12
P80090,41
P80111,22
P80196,44
P80209,7
P80214,7
P80282,8
P80344,38
P80345,38
P80391,33
P80398,25
P80399,8
P80470,34
P80511,11
P80569,7
P80571,7
P80696,7
P80703,31
P80708,7
P80710,34
P80713,34
P80734,7
P80735,7
P80957,24
P80966,3
P81025,0
P81029,0
P81043,9
P81071,7
P81160,49
P81172,11
P81191,40
P81264,18
P81277,0
P81278,0
P81322,20
P81323,20
P81335,11
P81363,3
P81401,4
P81423,0
P81428,1
P81446,34
P81453,46
P81485,8
P81486,8
P81488,8
P81490,8
P81497,31
P81498,31
P81564,11
P81565,8
P81592,13
P81602,31
P81603,31
P81605,15
P81615,26
P81694,14
P81695,40
P81733,40
P81755,34
P81790,49
P81791,49
P81792,49
P81793,14
P81809,11
P81829,22
P81835,11
P81840,28
P81847,7
P81851,7
P81872,4
P81880,11
P81881,0
P81941,11
P82003,10
P82018,34
P82050,11
P82066,11
P82102,40
P82103,40
P82106,17
P82268,25
P82269,25
P82270,34
P82271,34
P82282,44
P82284,44
P82285,44
P82286,13
P82319,40
P82320,40
P82357,7
P82358,35
P82389,13
P82390,13
P82391,11
P82396,11
P82465,49
P82476,2
P82683,34
P82701,40
P82705,39
P82706,34
P82807,1
P82851,44
P82951,17
P82959,46
P82993,40
P83055,34
P83056,34
P83057,34
P83059,29
P83060,29
P83080,13
P83081,13
P83082,13
P83083,13
P83084,13
P83211,44
P83228,17
P83253,49
P83264,11
P83265,11
P83288,49
P83303,14
P83313,40
P83370,1
P83394,11
P83396,11
P83403,35
P83404,31
P83412,11
P83455,34
P83493,49
P83495,49
P83512,11
P83518,7
P83548,40
P83560,12
P83561,12
P83562,46
P83580,12
P83615,46
P83659,40
P83719,13
P83748,16
P83755,32
P83756,32
P83770,7
P83856,34
P83857,34
P83859,26
P83860,23
P83862,23
P83915,11
P83919,34
P83962,40
P83964,40
P83974,14
P84189,34
P84190,40
P84213,23
P84276,8
P84348,46
P84349,46
P84350,49
P84375,11
P84376,11
P84377,11
P84378,11
P84379,11
P84380,11
P84408,47
P84451,11
P84527,46
P84567,8
P84572,8
P84596,8
P84597,13
P84697,7
P84698,7
P84704,48
P84707,48
P84715,5
P84757,11
P84808,17
P84845,24
P84899,34
P84900,40
P85013,39
P85021,34
P85025,11
P85029,40
P85030,40
P85069,44
P85070,25
P85071,25
P85079,49
P85162,34
P85163,34
P85171,2
P85247,25
P85253,25
P85254,25
P85255,25
P85256,25
P85257,25
P85258,25
P85259,25
P85261,49
P85421,11
P85527,26
P85797,6
P85798,5
P85799,41
P85804,40
P85809,40
P85818,40
P85825,11
P85826,7
P85828,34
P85829,40
P85830,7
P85831,34
P85832,6
P85840,28
P85881,8
P85882,8
P85883,8
P85886,13
P85966,49
P86013,7
P86037,8
P86038,8
P86039,8
P86040,8
P86047,7
P86093,40
P86110,40
P86146,34
P86147,13
P86155,11
P86156,7
P86157,7
P86183,7
P86185,8
P86186,8
P86187,8
P86188,8
P86189,8
P86259,11
P86262,11
P86399,12
P86400,11
P86401,39
P86435,5
P86437,34
P86442,17
P86444,40
P86445,40
P86471,31
P86475,7
P86476,7
P86483,34
P86521,44
P86546,49
P86547,49
P86716,25
P86717,25
P86718,25
P86719,25
P86720,7
P86821,35
P86822,34
P86825,7
P86826,7
P86828,7
P86841,49
P86842,49
P86899,49
P86994,34
P87252,7
P87352,43
P87384,0
P87385,0
P89116,7
P91793,31
P91797,48
P91889,36
P91896,0
P91963,24
P91964,24
P93198,28
P93248,40
P93328,2
P93329,2
P93395,21
P93543,34
P94416,7
P94664,46
P94853,7
P95316,20
P95317,20
P95318,20
P96787,7
P97278,46
P97279,46
P97280,17
P97291,1
P97297,18
P97326,1
P97467,49
P97553,33
P97574,46
P97604,34
P97605,2
P97636,7
P97740,13
P97766,11
P97785,40
P97864,7
P98131,1
P98135,1
P98136,46
P98137,46
P98139,1
P99026,44
P99164,21
P9WEM8,40
P9WEM9,40
P9WEN0,40
P9WEN1,34
P9WEN2,40
P9WEN3,40
P9WEW5,40
P9WEW6,40
P9WHQ6,21
P9WHQ7,21
P9WIN6,46
P9WIN7,46
P9WK08,7
P9WK09,7
Q00046,20
Q00050,7
Q00363,31
Q00410,11
Q00446,31
Q00493,46
Q00499,11
Q00518,20
Q00652,34
Q00663,31
Q00676,34
Q00689,40
Q00783,49
Q00829,7
Q00871,16
Q00945,18
Q00948,31
Q00991,46
Q01129,49
Q01133,29
Q01284,7
Q01301,29
Q01366,32
Q01413,11
Q01416,2
Q01493,49
Q01523,40
Q01524,17
Q01580,17
Q01589,2
Q01594,46
Q01662,47
Q01721,2
Q01758,49
Q01819,2
Q01889,40
Q01MB6,40
Q02297,7
Q02307,49
Q02747,40
Q02786,40
Q02844,16
Q02ZA6,44
Q03023,7
Q03029,2
Q03091,46
Q03110,11
Q03157,11
Q03168,31
Q03178,31
Q03180,31
Q03197,34
Q03198,49
Q03199,49
Q03405,2
Q03464,40
Q03467,11
Q03483,11
Q03515,2
Q03517,41
Q03561,40
Q03643,2
Q03644,2
Q03645,2
Q03646,2
Q03655,2
Q03674,2
Q03699,31
Q03856,11
Q03877,2
Q03964,11
Q03994,2
Q03FZ9,7
Q03M32,44
Q04215,11
Q04433,2
Q04469,31
Q04617,43
Q04618,43
Q04620,2
Q04706,11
Q04940,40
Q04951,31
Q04997,17
Q04KI2,44
Q05028,40
Q05031,11
Q05164,2
Q05439,2
Q05538,40
Q05685,2
Q05744,49
Q05777,2
Q058G9,28
Q05915,7
Q05927,11
Q06031,2
Q06033,46
Q06076,34
Q06077,34
Q06084,2
Q06135,2
Q06141,17
Q06145,4
Q06175,17
Q06186,17
Q06202,24
Q06203,21
Q06303,40
Q06304,40
Q06305,40
Q06306,40
Q06478,34
Q06601,19
Q06602,19
Q06922,1
Q06AS9,2
Q06AV4,48
Q06B79,8
Q06FW0,7
Q06FX8,7
Q06FY1,32
Q06GR4,7
Q06GS7,7
Q06GT0,32
Q06H01,7
Q06H14,7
Q06H17,32
Q06J16,7
Q06J66,7
Q06RD5,7
Q06RE8,7
Q06RF1,32
Q06SD2,32
Q06SD3,7
Q06ZW0,49
Q07009,47
Q07053,44
Q07121,7
Q07123,7
Q07162,7
Q07212,33
Q07276,16
Q07295,7
Q072L5,28
Q072L6,16
Q072L7,16
Q07334,24
Q07338,49
Q07425,40
Q07488,2
Q07490,2
Q07662,18
Q07663,18
Q07929,2
Q07932,11
Q07943,16
Q07981,36
Q07988,2
Q07990,2
Q08108,2
Q08121,7
Q08169,46
Q08193,2
Q08264,46
Q08271,2
Q08279,43
Q08406,2
Q08535,17
Q08676,40
Q08761,1
Q08890,46
Q08906,2
Q08907,2
Q08DA1,7
Q08DJ5,1
Q08DY9,7
Q09118,46
Q09169,4
Q09175,13
Q09180,29
Q09367,23
Q09490,11
Q09553,2
Q09626,49
Q09627,14
Q09628,46
Q09840,2
Q09841,21
Q09982,29
Q09FY1,32
Q09G66,32
Q09GK2,0
Q09JK2,40
Q09MI2,7
Q09MJ5,7
Q09MJ8,32
Q09PK2,40
Q09T02,7
Q09X21,7
Q09X34,7
Q09X37,32
Q0AWJ2,44
Q0C7P6,2
Q0CMU3,31
Q0DAS9,11
Q0EAE5,14
Q0G9M3,7
Q0G9N6,7
Q0G9N9,32
Q0G9W6,7
Q0G9X9,7
Q0G9Y2,32
Q0GY43,49
Q0GY44,49
Q0GY45,49
Q0GY46,49
Q0H293,49
Q0H8Y6,44
Q0I7J2,32
Q0I910,32
Q0I912,32
Q0IDF4,7
Q0II73,2
Q0IU52,17
Q0IUL4,11
Q0JF21,40
Q0MWV8,48
Q0N4U3,13
Q0N4U4,11
Q0N4U5,11
Q0N4U6,13
Q0N4U7,11
Q0N4U8,13
Q0NZX5,28
Q0P3J1,32
Q0P3J6,7
Q0P3Q1,7
Q0PMG2,2
Q0SR53,44
Q0SRD5,44
Q0THN1,3
Q0TKK4,44
Q0TNI4,44
Q0TNR9,44
Q0TU55,47
Q0VBW8,1
Q0VC44,1
Q0VCM5,46
Q0VDG4,21
Q0VGU4,34
Q0VKG8,40
Q0VKG9,8
Q0VTT8,34
Q0VTT9,34
Q0VTU0,40
Q0VZ38,8
Q0VZ39,8
Q0VZ40,8
Q0VZ41,8
Q0W2D6,21
Q0WYX8,2
Q0ZA50,9
Q0ZJ24,7
Q0ZJ37,7
Q0ZJ40,32
Q10416,31
Q10464,49
Q10588,40
Q10589,2
Q10735,7
Q10998,6
Q10JL1,2
Q10VK7,32
Q10XU6,7
Q11000,2
Q11001,2
Q11137,7
Q11A00,32
Q12039,11
Q12062,7
Q12085,11
Q12120,7
Q12127,2
Q12173,34
Q12217,11
Q12218,2
Q12260,11
Q12266,11
Q12282,2
Q12293,11
Q12303,2
Q12355,2
Q12391,11
Q12392,11
Q12408,31
Q12439,11
Q12441,11
Q12470,11
Q12485,11
Q12546,40
Q12554,31
Q12567,31
Q12628,31
Q12708,31
Q12737,46
Q12891,2
Q12YV7,21
Q13421,2
Q13449,2
Q13508,2
Q13519,4
Q13634,1
Q13822,17
Q14002,40
Q14116,7
Q14210,2
Q14242,1
Q14624,34
Q14641,48
Q14790,28
Q148C3,40
Q14982,2
Q14BU0,46
Q14BX2,2
Q14FG1,7
Q14FH4,7
Q14FH6,32
Q14FJ4,34
Q15661,16
Q15726,38
Q15843,11
Q16553,33
Q16568,0
Q16651,40
Q16661,40
Q16819,1
Q16820,3
Q16992,29
Q16994,29
Q16998,19
Q16N80,23
Q16RI5,18
Q17004,16
Q17025,16
Q17027,31
Q17093,19
Q17128,18
Q17192,0
Q17194,0
Q17196,13
Q17313,25
Q17AN4,4
Q17QK3,17
Q17QS0,21
Q17QV3,11
Q17RY6,2
Q17UY8,8
Q17UY9,8
Q17UZ0,8
Q18060,13
Q18184,22
Q18234,15
Q18502,10
Q18806,2
Q18B22,44
Q18DC8,49
Q18DC9,49
Q18DH8,7
Q18GX3,21
Q19165,10
Q19AZ8,1
Q19VC4,32
Q1A3Q1,40
Q1A3Q2,40
Q1A3Q5,15
Q1A3Q6,40
Q1A3Q7,40
Q1A3Q8,40
Q1A3Q9,40
Q1A3R0,24
Q1A3R1,24
Q1A3R3,24
Q1ACJ6,7
Q1ACL6,7
Q1ACM1,32
Q1C5C7,3
Q1CKL2,3
Q1EAR5,2
Q1EG28,46
Q1EJP4,8
Q1EJP5,8
Q1ELT9,15
Q1ELU0,25
Q1ELU1,25
Q1ELU2,15
Q1ELU3,15
Q1ELU4,29
Q1ELU5,29
Q1ELU7,13
Q1ELU8,13
Q1ELU9,15
Q1ELV0,46
Q1EN11,25
Q1EN12,25
Q1EN13,25
Q1EN14,25
Q1EN15,25
Q1G2Y5,40
Q1G3I0,2
Q1HA14,4
Q1HA20,4
Q1HAY5,31
Q1I8U1,7
Q1JPW9,2
Q1JS87,8
Q1JS88,8
Q1JS89,8
Q1JS90,25
Q1JS91,8
Q1JS92,25
Q1JS93,8
Q1JS94,8
Q1KLR6,17
Q1KLX1,40
Q1KLX2,40
Q1KLX3,40
Q1KLX4,40
Q1KLX5,40
Q1KLX6,40
Q1KLX7,40
Q1KLX8,40
Q1KLY0,40
Q1KLY2,40
Q1KLY3,40
Q1KLY4,40
Q1KLY5,40
Q1KLY6,40
Q1KLY7,40
Q1KLY8,40
Q1KVU8,32
Q1KVV2,7
Q1KXW3,7
Q1KXX6,7
Q1KXX9,32
Q1L658,1
Q1L659,1
Q1L777,39
Q1LW01,17
Q1MX22,23
Q1PBD1,28
Q1PFD8,2
Q1RF98,44
Q1RMQ4,33
Q1W694,46
Q1W695,49
Q1XDD1,7
Q1XDH0,7
Q1XDS5,32
Q1ZXQ9,2
Q1ZYW0,40
Q1ZYW1,40
Q20ET2,32
Q20EY3,7
Q21156,23
Q22328,48
Q22396,1
Q22710,1
Q23212,10
Q23430,49
Q23755,24
Q23756,24
Q23757,18
Q23892,46
Q24049,34
Q24114,2
Q24238,2
Q24372,2
Q24395,40
Q25054,31
Q25060,29
Q25077,23
Q25154,24
Q253E5,46
Q25413,10
Q25461,6
Q25588,24
Q25589,24
Q25683,24
Q26324,18
Q26350,39
Q26377,4
Q26431,31
Q26443,12
Q26464,39
Q26474,2
Q27023,31
Q27081,34
Q27172,34
Q27173,46
Q27174,34
Q27180,34
Q27181,46
Q27182,34
Q27289,16
Q27441,11
Q27673,2
Q27677,2
Q27709,7
Q27913,34
Q27971,47
Q27IM2,20
Q27J47,16
Q27J48,34
Q27J49,29
Q27Q52,46
Q27Q53,48
Q27Q54,49
Q28028,34
Q28106,2
Q28153,16
Q28198,49
Q28207,24
Q28216,2
Q28278,1
Q28315,1
Q28358,40
Q28376,40
Q28380,1
Q28381,7
Q28409,6
Q28522,49
Q28588,20
Q28661,28
Q28680,40
Q28755,17
Q28768,1
Q28773,16
Q28785,2
Q28888,49
Q28896,2
Q28HK1,46
Q29075,34
Q29100,17
Q29125,46
Q29191,17
Q29384,44
Q29393,49
Q29432,49
Q29451,28
Q29461,16
Q29463,16
Q29486,40
Q295C6,26
Q295T3,10
Q299B0,4
Q29B55,22
Q29CA0,23
Q29IM7,28
Q29KK2,23
Q29PU4,33
Q29RS5,40
Q29W19,4
Q2EI26,11
Q2F9P2,1
Q2F9P4,1
Q2FG82,44
Q2FHV0,11
Q2FQL8,21
Q2FUW9,11
Q2FXT0,44
Q2FZL2,3
Q2GVL1,11
Q2HIM9,49
Q2HJ40,17
Q2HJA4,34
Q2HY54,40
Q2HYY9,49
Q2I2P1,34
Q2I2P2,34
Q2I2P3,39
Q2I2P4,24
Q2I2P8,34
Q2I2Q1,40
Q2I2Q2,40
Q2I2Q3,40
Q2I2Q4,40
Q2I2Q5,40
Q2I2Q6,12
Q2I2Q9,14
Q2I2R0,14
Q2I2R1,14
Q2I2R2,37
Q2I2R3,37
Q2I2R4,37
Q2I2R5,39
Q2I2R6,40
Q2I2R7,34
Q2I2R8,34
Q2IAL6,40
Q2IAL7,40
Q2JP67,32
Q2JTJ2,32
Q2JTM8,32
Q2KHV4,34
Q2KIC6,33
Q2KJI7,34
Q2L8Z0,7
Q2L901,7
Q2LC47,2
Q2LC49,2
Q2LGZ2,34
Q2LKX9,40
Q2M591,35
Q2MIA4,7
Q2MIB7,7
Q2MIC0,32
Q2MIJ1,7
Q2MIK4,7
Q2MIK7,32
Q2NI68,21
Q2NIJ9,44
Q2PAY4,14
Q2PE59,2
Q2PE60,40
Q2PE70,2
Q2PFV2,7
Q2PMS6,7
Q2PMT9,7
Q2QA04,16
Q2QBT0,7
Q2QD93,7
Q2QDA8,32
Q2QXY1,34
Q2RAP0,34
Q2RQ23,40
Q2SS74,44
Q2T9U8,18
Q2TA14,49
Q2TBP0,21
Q2TBX6,44
Q2U3M0,31
Q2UHL4,31
Q2UIE6,2
Q2UUZ1,2
Q2UXR1,8
Q2UXR2,8
Q2UXR3,8
Q2UXR4,8
Q2UXV8,8
Q2UXV9,8
Q2UXW0,8
Q2V2G5,34
Q2V2Q2,2
Q2V4E2,28
Q2VEI0,7
Q2VEJ3,7
Q2VEJ6,32
Q2VF17,4
Q2VL88,7
Q2WCN5,8
Q2WCN6,8
Q2WCN7,8
Q2WCN8,8
Q2WGI0,32
Q2XQ09,49
Q2YT85,44
Q2YX94,11
Q30KK1,34
Q30KK9,17
Q31A92,32
Q31CR0,7
Q32389,32
Q32KM8,24
Q32L79,4
Q32LB5,2
Q32LD3,2
Q32PB3,33
Q32RM3,32
Q32RM6,7
Q32RP3,7
Q32RS9,7
Q32RW6,7
Q32ZI4,11
Q33282,32
Q332Y2,7
Q33C56,7
Q33C59,32
Q36258,44
Q36835,44
Q36918,44
Q39131,2
Q39649,49
Q39785,40
Q39799,40
Q39837,34
Q39962,40
Q3AKT2,32
Q3AM89,32
Q3AV15,32
Q3AYB8,32
Q3B7N0,33
Q3B8P0,34
Q3BAP4,7
Q3BAQ9,7
Q3BAR4,32
Q3BER1,40
Q3BER2,49
Q3BER3,40
Q3BER4,49
Q3BK13,40
Q3BK14,49
Q3BK16,49
Q3C1G0,7
Q3C1G3,32
Q3C255,24
Q3C256,24
Q3C2C1,3
Q3E6R4,2
Q3E880,11
Q3E9I4,11
Q3EBM6,11
Q3ECD6,11
Q3ECH9,28
Q3ECJ5,11
Q3ECM0,34
Q3ECU1,11
Q3EDH8,11
Q3EDI6,28
Q3IPX1,21
Q3KLQ7,46
Q3KPV7,1
Q3L180,17
Q3M4K0,7
Q3MAB1,32
Q3MB78,32
Q3MCT0,32
Q3MHN0,21
Q3SAE5,40
Q3SAE6,40
Q3SAE7,40
Q3SAE8,40
Q3SAE9,40
Q3SAF0,40
Q3SAF1,40
Q3SAF2,40
Q3SAF3,40
Q3SAF4,40
Q3SAF7,7
Q3SAX8,40
Q3SB03,17
Q3SB04,17
Q3SB05,17
Q3SB06,17
Q3SB07,17
Q3SWX5,1
Q3SYP2,16
Q3SZC2,21
Q3SZM7,2
Q3T0A3,16
Q3T0I2,34
Q3T0P5,7
Q3T0P7,48
Q3T0T1,21
Q3T108,44
Q3TMH2,21
Q3U435,2
Q3UKY7,16
Q3V538,7
Q3V554,32
Q3Y5G8,46
Q3YED1,37
Q3YED3,39
Q3YED5,12
Q3YED6,12
Q3YED8,12
Q3YEE1,12
Q3YEE2,12
Q3YEE3,12
Q3YEE4,12
Q3YEE5,12
Q3YEE6,14
Q3YEE8,24
Q3YEE9,13
Q3YEF0,39
Q3YEF1,12
Q3YEF3,12
Q3YEF4,15
Q3YEF7,40
Q3YEF8,12
Q3YEF9,40
Q3YEG0,40
Q3YEG3,12
Q3YEG4,40
Q3YEG6,12
Q3YEG7,12
Q3YEG9,40
Q3YEH0,34
Q3YEH1,34
Q3YEH2,15
Q3YEH3,24
Q3YEH4,34
Q3YEH5,39
Q3YEH6,24
Q3YEH7,40
Q3YIX4,7
Q3ZC64,2
Q3ZD69,28
Q3ZJ18,7
Q3ZJ60,32
Q3ZT29,7
Q40987,49
Q41065,40
Q41066,49
Q41114,40
Q41142,7
Q41233,46
Q41358,34
Q41433,34
Q41448,34
Q41480,34
Q41484,34
Q42456,49
Q42460,40
Q43007,7
Q43645,34
Q43646,34
Q43667,40
Q45VN2,17
Q46085,49
Q46G14,21
Q46HA2,7
Q46JV2,32
Q47185,40
Q48314,7
Q48315,7
Q48501,7
Q48509,7
Q496H8,2
Q499T2,11
Q49L02,7
Q49L15,7
Q49L18,32
Q49Y83,44
Q4FFN5,7
Q4G3C7,7
Q4G3F2,32
Q4GWU5,34
Q4GZL1,34
Q4JAA8,21
Q4JAY3,21
Q4JEI2,17
Q4KM35,21
Q4L6Z1,44
Q4LAL9,46
Q4P580,49
Q4PLJ0,11
Q4PSX1,11
Q4PSZ8,2
Q4QXT8,4
Q4QXT9,1
Q4R128,49
Q4R1C4,31
Q4R4M3,46
Q4R4S5,28
Q4R540,48
Q4R5E9,41
Q4R5M2,40
Q4R5M8,2
Q4R7M2,2
Q4U0U2,34
Q4U9M9,2
Q4V3D2,2
Q4V4I9,18
Q4V645,18
Q4VZQ0,7
Q4WBE1,31
Q4WCX9,2
Q4WD22,40
Q4WDN4,2
Q4WEP7,2
Q4WFV6,2
Q4WG16,2
Q4WI46,2
Q4WLB9,2
Q4WMA6,2
Q4WNE1,2
Q4WNS8,2
Q4WNV0,2
Q4WQT2,31
Q4WR80,31
Q4WUK7,2
Q4X084,2
Q4X136,31
Q4YSU6,11
Q4Z4D2,2
Q4ZFU1,47
Q4ZFU2,47
Q501W4,2
Q504J1,28
Q51822,3
Q51825,3
Q51826,3
Q51827,3
Q51MW4,11
Q52085,2
Q52FS9,31
Q52K95,40
Q52N47,48
Q52R90,40
Q53446,7
Q53I06,31
Q53RT3,40
Q548P6,46
Q54957,7
Q54BG3,2
Q54EQ7,2
Q54GU3,2
Q54IM7,2
Q54LB9,40
Q54LC0,40
Q54LC1,40
Q54LC2,40
Q54LC3,40
Q54LH6,2
Q54LM2,2
Q54M25,40
Q54N81,2
Q54QR2,21
Q54SJ8,40
Q54T57,40
Q55038,21
Q55332,46
Q553T1,2
Q55621,21
Q55GJ6,21
Q55U20,2
Q566V9,24
Q56P17,7
Q56VR3,1
Q571V3,13
Q571V4,25
Q571V6,13
Q57312,7
Q57873,20
Q57SB5,44
Q58301,20
Q58302,20
Q58303,20
Q58634,21
Q58795,20
Q58864,20
Q589B1,7
Q58CQ9,40
Q58D55,17
Q58D68,2
Q58D85,46
Q58DA5,2
Q58L93,1
Q58L94,1
Q58L95,1
Q58L96,1
Q58T39,13
Q58T40,13
Q58T41,13
Q58T42,13
Q58T43,13
Q58T44,13
Q58T45,13
Q58T46,13
Q58T48,13
Q58T49,13
Q58T51,13
Q58T52,13
Q58T55,13
Q58T56,13
Q58T58,13
Q58T59,13
Q58T60,13
Q58T61,13
Q58T62,13
Q58T64,13
Q58T65,13
Q58T68,13
Q58T69,13
Q58T70,13
Q58T72,13
Q58T74,13
Q58T77,13
Q58T79,13
Q58T80,13
Q58T83,13
Q58T86,13
Q58T87,13
Q58T89,13
Q58T90,13
Q58T91,13
Q58T92,13
Q58T93,13
Q58T94,13
Q58T95,13
Q59HN7,7
Q59KZ1,34
Q59L72,2
Q59L86,40
Q59L96,2
Q59MD0,2
Q59N10,2
Q59PF9,2
Q59QA5,2
Q59SU1,2
Q59TP1,11
Q59UP6,2
Q59UT4,2
Q59UT5,2
Q59V01,2
Q59V02,40
Q59VW6,40
Q59XB0,2
Q59Y11,2
Q59Y31,2
Q5A029,2
Q5A1A9,2
Q5A1B2,40
Q5A1B3,2
Q5A1E1,2
Q5A210,2
Q5A343,2
Q5A4X8,40
Q5A5K7,40
Q5A5U4,2
Q5A5U6,2
Q5A5U9,2
Q5A651,2
Q5A6M0,2
Q5A6M2,2
Q5A6U1,2
Q5A8A2,49
Q5A8I6,2
Q5A8I8,11
Q5AA09,2
Q5AA33,40
Q5ABW2,2
Q5ACL7,40
Q5ACN3,40
Q5ACP5,40
Q5ACV9,40
Q5ACZ2,11
Q5AD05,2
Q5AD07,2
Q5AD23,40
Q5AD34,2
Q5AD78,11
Q5ADQ7,2
Q5AEG7,2
Q5AF39,2
Q5AF41,2
Q5AFA2,2
Q5AFC2,40
Q5AFN8,2
Q5AG46,2
Q5AGC4,2
Q5AHA4,2
Q5AHC0,2
Q5AHE8,2
Q5AIA1,2
Q5AJC0,40
Q5AJK6,2
Q5AJY5,2
Q5AK54,2
Q5AK97,2
Q5AL03,2
Q5AMF7,2
Q5AMJ5,2
Q5AP52,40
Q5APJ9,2
Q5ATQ3,31
Q5AUT0,2
Q5B0Q1,46
Q5B428,2
Q5B508,31
Q5B8T6,40
Q5BAP5,2
Q5BIV7,33
Q5BIV9,33
Q5BKW7,2
Q5BU36,31
Q5CZK2,0
Q5CZK3,5
Q5CZK5,24
Q5CZK6,48
Q5DVA5,15
Q5DVA6,15
Q5DW47,4
Q5DWV1,1
Q5DWV2,1
Q5E9C1,28
Q5E9X0,2
Q5EHP1,46
Q5EHP2,46
Q5EHP3,39
Q5EHP4,40
Q5F1N4,46
Q5F378,40
Q5FBW1,16
Q5FBW2,16
Q5FVX5,24
Q5FXM5,28
Q5FZP5,41
Q5G234,34
Q5G290,47
Q5G291,47
Q5G860,17
Q5G861,40
Q5G862,17
Q5G863,17
Q5G864,17
Q5G865,17
Q5G866,17
Q5G8A6,34
Q5G8B3,35
Q5G8B4,35
Q5G8B5,35
Q5GC91,10
Q5GC92,10
Q5GC94,10
Q5H7N4,40
Q5H7N5,40
Q5H7N6,40
Q5H8A1,1
Q5H8A2,1
Q5H8A3,1
Q5HFB8,44
Q5HGV3,11
Q5HH14,21
Q5HH35,3
Q5HHM4,34
Q5HN75,3
Q5HNQ6,44
Q5HQA0,21
Q5HZW7,2
Q5I2B2,40
Q5I2P0,40
Q5I4E5,48
Q5I4E6,40
Q5I931,7
Q5IS42,33
Q5IS54,7
Q5IS61,2
Q5IS80,28
Q5IS87,33
Q5IS99,7
Q5J6J1,2
Q5J6J2,2
Q5J8R1,31
Q5JDJ9,21
Q5JHL8,21
Q5JNJ5,40
Q5K0B8,12
Q5K0B9,12
Q5K0C0,12
Q5K0C1,12
Q5K0C2,12
Q5K0C4,12
Q5K0C5,12
Q5K0C7,12
Q5K0C8,12
Q5K0C9,12
Q5K0D0,12
Q5K0D1,12
Q5K0D2,12
Q5K0D3,11
Q5K0D5,12
Q5K0D6,40
Q5K0D7,12
Q5K0D8,40
Q5K2P8,16
Q5K2P9,16
Q5K4E3,16
Q5KK80,2
Q5KWP3,44
Q5M158,44
Q5M872,2
Q5MCS0,16
Q5MGC9,49
Q5MGE6,31
Q5N337,32
Q5N4D2,32
Q5N5R2,32
Q5NRP8,13
Q5NRP9,13
Q5NRQ0,13
Q5NRQ1,13
Q5NVC3,48
Q5NVH5,49
Q5NVQ3,47
Q5NVR8,17
Q5PFN4,44
Q5PP12,2
Q5PQL7,40
Q5PU89,11
Q5Q113,46
Q5Q114,46
Q5QFG1,11
Q5R1M5,16
Q5R1V9,49
Q5R231,49
Q5R412,2
Q5R4M6,41
Q5R4R0,7
Q5R510,2
Q5R537,1
Q5R551,40
Q5R5C1,2
Q5R5H4,34
Q5R5W6,2
Q5R6D1,40
Q5R790,47
Q5R7A9,34
Q5R7P4,17
Q5R876,48
Q5R8J0,49
Q5RAD6,2
Q5RB37,46
Q5RB45,2
Q5RBU7,49
Q5RCB6,7
Q5RCD8,7
Q5RDJ5,7
Q5RDN7,17
Q5RDP6,40
Q5RDR3,7
Q5RE54,2
Q5REL2,47
Q5RFD6,2
Q5RJH3,1
Q5S502,40
Q5SC59,48
Q5SC60,48
Q5SCW5,7
Q5SCW8,32
Q5SCX1,7
Q5U2V4,11
Q5U2X4,39
Q5U523,2
Q5U9D2,46
Q5UAF1,2
Q5UJG1,2
Q5UJG3,2
Q5UJG7,2
Q5UJH0,2
Q5UJH8,2
Q5UJI7,2
Q5USN7,29
Q5USN8,34
Q5V1D5,21
Q5V1N0,7
Q5V4S6,21
Q5VJS9,40
Q5VY80,2
Q5W1L3,4
Q5W1L4,4
Q5W1L5,4
Q5W958,16
Q5W959,16
Q5W960,16
Q5W9R9,7
Q5W9T8,2
Q5WES5,44
Q5WQV8,34
Q5XCS5,44
Q5XF51,2
Q5XIE8,48
Q5XIF4,11
Q5XJY4,34
Q5XLE4,49
Q5XUW8,28
Q5XVM4,2
Q5XXR2,13
Q5Y4U2,14
Q5Y4U3,14
Q5Y4U4,46
Q5Y4U5,49
Q5Y4U6,14
Q5Y4U7,14
Q5Y4U8,14
Q5Y4U9,14
Q5Y4V0,14
Q5Y4V1,49
Q5Y4V2,49
Q5Y4V3,49
Q5Y4V4,14
Q5Y4V5,49
Q5Y4V6,14
Q5Y4V7,49
Q5Y4V8,14
Q5Y4V9,49
Q5Y4W0,49
Q5Y4W1,14
Q5Y4W2,49
Q5Y4W3,14
Q5Y4W4,14
Q5Y4W5,49
Q5Y4W6,14
Q5Y4W7,49
Q5Y4W8,46
Q5Y4W9,49
Q5Y4X0,49
Q5Y4X1,14
Q5Y4X2,49
Q5Y4X3,49
Q5Y4X4,49
Q5Y4X5,14
Q5Y4X6,49
Q5Y4X7,14
Q5Y4X9,14
Q5Y4Y0,49
Q5Y4Y1,49
Q5Y4Y2,49
Q5Y4Y3,14
Q5Y4Y4,49
Q5Y4Y5,49
Q5Z9C8,2
Q60136,40
Q60431,7
Q60468,2
Q60478,4
Q60495,28
Q60506,2
Q60541,26
Q60549,1
Q60692,21
Q60935,2
Q60E70,2
Q60HC1,48
Q60HF6,17
Q60I18,40
Q61207,17
Q61247,34
Q61468,40
Q61475,2
Q61503,2
Q61521,1
Q61702,17
Q61703,49
Q61704,17
Q61754,16
Q61759,16
Q61839,0
Q61847,17
Q62170,1
Q624D2,2
Q62587,0
Q62625,11
Q62713,17
Q62714,17
Q62715,17
Q62716,17
Q62718,2
Q62813,2
Q62923,4
Q62949,11
Q62997,40
Q63064,2
Q63072,40
Q63198,2
Q63207,1
Q63317,2
Q63416,17
Q634A1,44
Q634M0,44
Q63645,34
Q63691,40
Q63912,2
Q63ZK0,16
Q64016,17
Q64171,17
Q64194,46
Q64230,1
Q64253,33
Q64263,40
Q64277,40
Q64339,11
Q64365,17
Q64387,4
Q64389,2
Q64411,31
Q64444,2
Q64610,17
Q647H2,40
Q65DC2,46
Q65DC4,7
Q65GM5,44
Q65H47,44
Q65Z15,40
Q667N8,3
Q66H42,40
Q66IA6,2
Q66S08,40
Q66S13,49
Q66S17,49
Q66S21,49
Q66S25,49
Q66TN7,16
Q67SC7,44
Q67UE8,2
Q689Z7,31
Q68G95,2
Q68IP5,24
Q68KK0,34
Q68LC0,33
Q68RJ9,0
Q68S10,7
Q68S23,7
Q68S26,32
Q68SP4,1
Q68Y22,11
Q68Y23,39
Q698K8,28
Q69IF8,31
Q69T51,2
Q6ASY2,2
Q6B4T3,14
Q6B4T4,14
Q6B4T5,14
Q6B8V0,7
Q6B917,7
Q6B929,32
Q6BEA2,16
Q6BEG6,28
Q6BEG7,28
Q6BIS8,2
Q6BPV1,40
Q6BT31,11
Q6BV42,49
Q6C0J1,2
Q6C794,11
Q6CHU5,31
Q6CMF8,11
Q6CNE0,31
Q6CRM2,40
Q6CXL4,2
Q6DDP3,2
Q6DGP8,11
Q6DJ00,46
Q6DLS0,17
Q6DLW5,17
Q6DN61,44
Q6DR98,7
Q6DSU1,11
Q6DT45,16
Q6DYE7,17
Q6E3K9,34
Q6EAN6,28
Q6ECK6,4
Q6EH50,40
Q6EH52,2
Q6ENJ0,7
Q6ENJ4,7
Q6ENJ7,32
Q6ENY0,7
Q6ENY5,7
Q6EW52,7
Q6EW65,7
Q6EW68,32
Q6F125,44
Q6F495,40
Q6FLP9,11
Q6FNB1,49
Q6FT26,40
Q6G8S4,44
Q6GA84,11
Q6GAE3,21
Q6GAG4,3
Q6GB41,34
Q6GG59,44
Q6GHV5,11
Q6GI14,21
Q6GI34,3
Q6GIK1,34
Q6GLR6,7
Q6GQ29,17
Q6GUL6,33
Q6GXJ1,46
Q6H266,34
Q6H2Z4,39
Q6H321,16
Q6HD83,44
Q6HDK0,44
Q6ID76,11
Q6IE75,46
Q6IGX9,18
Q6IRK9,17
Q6ITZ3,34
Q6IV23,46
Q6IV26,46
Q6IVA5,33
Q6IWA9,28
Q6IWB1,11
Q6IWB2,11
Q6JLX1,33
Q6JQN2,22
Q6L181,21
Q6L3B3,7
Q6L3B5,32
Q6LEM5,29
Q6LWM4,20
Q6LXR6,20
Q6LYT4,20
Q6LZC0,20
Q6LZD4,21
Q6LZM3,20
Q6LZM4,20
Q6LZU5,20
Q6M0N3,20
Q6M0N7,20
Q6MG58,33
Q6MT50,44
Q6NKW9,2
Q6NLD7,2
Q6NLF4,2
Q6NLF7,2
Q6NME6,46
Q6NMF0,11
Q6NN00,2
Q6NNL3,11
Q6NPN4,40
Q6NUJ1,34
Q6NW40,2
Q6NWB6,46
Q6P326,16
Q6P4A8,11
Q6P7A9,34
Q6PAQ9,44
Q6PCX7,2
Q6PFX6,1
Q6PHU5,24
Q6PIE5,7
Q6PN80,40
Q6PN81,46
Q6PN82,24
Q6PN83,24
Q6PN84,39
Q6PN85,24
Q6PN86,24
Q6PN98,17
Q6PPB3,40
Q6PTD0,13
Q6PTD1,39
Q6PTD4,13
Q6PTD5,34
Q6PTD6,40
Q6PTD7,40
Q6PXP0,34
Q6Q249,34
Q6Q250,34
Q6Q251,34
Q6Q252,49
Q6Q5H1,11
Q6QLQ5,40
Q6QLQ9,46
Q6QLR1,28
Q6QLR2,46
Q6QLR3,46
Q6QWR1,7
Q6RUW3,18
Q6RY98,30
Q6SA95,1
Q6SLM0,3
Q6SLM1,3
Q6SLM2,3
Q6T178,34
Q6T179,47
Q6T271,34
Q6T6H8,46
Q6T6S7,16
Q6T6T2,49
Q6T6T3,49
Q6U8D7,40
Q6UG02,34
Q6UQ28,40
Q6URK6,1
Q6UW15,17
Q6UWB4,2
Q6UWM5,2
Q6UWN0,2
Q6UWN5,2
Q6UWR7,2
Q6UX82,2
Q6UXB3,2
Q6VU70,31
Q6WRU0,2
Q6X7V3,5
Q6XBF8,49
Q6XMH8,24
Q6Y4S4,38
Q6YGZ1,28
Q6YIJ3,3
Q6YK33,0
Q6YNQ0,3
Q6YRC7,44
Q6YXN4,7
Q6YXN9,7
Q6Z232,2
Q6Z4G7,2
Q6Z4G8,2
Q6ZVN8,2
Q70HJ3,31
Q70HJ4,31
Q70KY3,11
Q70US9,34
Q70XC3,23
Q70Y07,7
Q70Y14,7
Q70Y17,32
Q718F4,35
Q71DC3,28
Q71DR4,2
Q71QH5,16
Q71QH6,16
Q71QH7,16
Q71QH9,16
Q71QI0,16
Q71QI1,16
Q71QI2,16
Q71QI3,16
Q71QI4,16
Q71QI5,16
Q71QI7,16
Q71QI8,16
Q71QJ0,16
Q71QJ1,16
Q71QJ2,16
Q71QJ3,16
Q71QJ4,16
Q71RP1,28
Q71UE8,11
Q71ZD0,44
Q72ZY3,44
Q730L4,44
Q74IL5,44
Q755X2,11
Q756Q3,49
Q75DG6,11
Q75G39,44
Q75S48,3
Q75S51,3
Q75SZ9,46
Q75UG5,23
Q75V93,22
Q75V94,22
Q75V95,22
Q75WG6,49
Q75WG7,31
Q75WH2,14
Q75WH3,14
Q75WH4,49
Q75WH5,14
Q75WH6,49
Q765I0,0
Q765I1,0
Q765I2,0
Q765Z4,13
Q765Z5,13
Q766Y6,26
Q766Y7,22
Q76B45,16
Q76CA0,24
Q76CA1,24
Q76CA2,40
Q76CA3,24
Q76CL2,18
Q76DT2,49
Q76IQ4,17
Q76KW6,0
Q792G6,40
Q79AV1,7
Q7A151,11
Q7A654,11
Q7A6A6,3
Q7A6P2,34
Q7AP54,11
Q7DLR9,44
Q7DLS1,21
Q7EB72,2
Q7FNT3,32
Q7JFN6,9
Q7JGL8,17
Q7JGL9,17
Q7JGM0,17
Q7JGM1,17
Q7JGM2,17
Q7JIG6,16
Q7JIH3,2
Q7JIY2,2
Q7JK02,2
Q7K5V2,2
Q7K740,11
Q7KUD5,24
Q7LHD1,2
Q7LZ09,11
Q7M1E7,46
Q7M2Y4,9
Q7M303,47
Q7M334,3
Q7M3B6,9
Q7M3B8,9
Q7M3E1,16
Q7M3V5,26
Q7M428,18
Q7M6Z0,2
Q7M761,16
Q7M7A9,32
Q7MXK0,46
Q7NBB0,44
Q7NH81,32
Q7NJX5,32
Q7PTL2,23
Q7Q2T8,2
Q7Q7R8,22
Q7RTY9,2
Q7RTZ1,16
Q7RZ85,31
Q7SYF1,16
Q7SZD9,28
Q7SZE0,28
Q7SZE1,16
Q7T141,1
Q7T1M3,29
Q7T1R0,3
Q7T1R1,3
Q7T229,16
Q7T273,22
Q7T2Q4,3
Q7T2Q5,3
Q7T3K7,25
Q7T3K8,13
Q7T3K9,13
Q7T3L1,19
Q7TMR0,46
Q7TNK8,39
Q7TQ32,2
Q7TQ33,2
Q7TQN2,2
Q7TSB7,38
Q7TSF0,1
Q7TSP5,2
Q7TTH6,32
Q7TTJ7,32
Q7TV59,11
Q7U4Z3,32
Q7U669,32
Q7U9L1,7
Q7V323,7
Q7V365,32
Q7V4T1,7
Q7V735,11
Q7V7B7,11
Q7V8T1,11
Q7VDR4,7
Q7XAD0,34
Q7XR91,2
Q7YJX6,7
Q7YJY5,7
Q7YJY8,32
Q7YRU7,1
Q7YT39,14
Q7YWA6,46
Q7YWA7,46
Q7YWA8,40
Q7YWA9,46
Q7YWB0,46
Q7YX32,10
Q7YXK5,49
Q7YZS9,48
Q7Z027,14
Q7Z028,14
Q7Z090,49
Q7Z096,49
Q7Z1Y7,46
Q7Z3B1,2
Q7Z4H4,39
Q7Z553,2
Q7ZXZ6,24
Q7ZZM2,49
Q7ZZS9,28
Q7ZZY8,0
Q800A0,49
Q800F1,34
Q800I7,0
Q800I8,0
Q800R2,39
Q800R3,15
Q800R4,25
Q800R9,15
Q800S1,13
Q800S2,13
Q800Y1,46
Q801Y3,24
Q802F0,16
Q802I1,3
Q803W1,21
Q803Y4,11
Q804X6,1
Q805D3,0
Q805D4,0
Q805D5,40
Q805D6,0
Q805D8,0
Q805E9,0
Q805F2,49
Q805F3,49
Q805F4,28
Q805F5,49
Q805F6,28
Q805F7,49
Q80T19,46
Q80V42,2
Q80WD0,2
Q80WD1,40
Q80Z24,2
Q80ZA0,11
Q80ZQ0,33
Q810H5,48
Q811A2,2
Q812G9,7
Q817U4,44
Q818E2,44
Q81LE8,44
Q81LR5,44
Q836X4,44
Q83RD2,3
Q84JV2,2
Q84MC0,2
Q84VZ5,2
Q84W98,11
Q85AU0,7
Q85BB6,7
Q85BH5,32
Q85C23,32
Q85FM3,7
Q85FN7,7
Q85FY2,7
Q85G59,32
Q85Q99,44
Q85WS3,32
Q85WW6,7
Q85X72,7
Q862A7,9
Q862B1,4
Q862Z3,2
Q863C3,18
Q865R1,7
Q867A9,13
Q867B0,16
Q867D0,13
Q867W1,4
Q868F8,26
Q868G6,10
Q868M7,7
Q86A85,21
Q86BW2,49
Q86C49,46
Q86C51,14
Q86DU6,13
Q86FQ0,46
Q86LE4,24
Q86MA7,10
Q86N75,18
Q86QI5,1
Q86QN6,24
Q86QT2,39
Q86RA3,12
Q86RB2,34
Q86SA8,24
Q86SC0,34
Q86UN2,2
Q86UN3,40
Q86UP0,1
Q86UU9,4
Q86Y78,2
Q86YL7,11
Q873Y0,2
Q876J3,31
Q877A8,31
Q88WN3,7
Q892N6,44
Q899Y1,49
Q8AUU1,46
Q8AVA3,17
Q8AVA4,17
Q8AXR2,0
Q8AXR3,0
Q8AXW7,3
Q8AY47,3
Q8AY48,3
Q8AY78,16
Q8AY79,16
Q8AY80,16
Q8AY81,16
Q8AY82,16
Q8AYD0,1
Q8AYR5,40
Q8AYR6,0
Q8BFS3,0
Q8BG41,21
Q8BGN3,2
Q8BGN6,49
Q8BH35,46
Q8BH61,47
Q8BJ48,46
Q8BJR6,16
Q8BKV1,2
Q8BLC3,40
Q8BM92,1
Q8BPP5,2
Q8BS03,1
Q8BVP6,2
Q8BWU1,33
Q8C1C1,34
Q8C1N8,17
Q8C1P2,17
Q8C255,2
Q8C3Q9,28
Q8C4W3,2
Q8CE23,23
Q8CFV4,2
Q8CFZ4,2
Q8CGR5,16
Q8CH01,23
Q8CHK2,0
Q8CIH9,21
Q8CIT0,26
Q8CJY7,33
Q8CS89,44
Q8CT30,21
Q8CW15,3
Q8CXC9,44
Q8DIV4,32
Q8DUQ4,44
Q8DYV5,44
Q8E4G3,44
Q8EPP8,44
Q8EVW5,44
Q8GCB2,46
Q8GS39,46
Q8GTM0,11
Q8GUI4,2
Q8GUL8,2
Q8GWW6,2
Q8GYS8,40
Q8GZ17,2
Q8H6Q0,11
Q8H6Q1,11
Q8HB52,7
Q8HDG8,40
Q8HWE5,40
Q8HWE7,40
Q8HXV2,0
Q8HY17,0
Q8HY34,9
Q8HYC2,0
Q8HZM6,47
Q8HZQ3,40
Q8I1F6,7
Q8I1Y4,2
Q8I423,40
Q8I6K1,7
Q8I6R2,40
Q8I6R5,39
Q8I6S2,34
Q8I6S3,34
Q8I6T1,11
Q8I6V7,40
Q8I6X9,14
Q8I7X1,24
Q8I817,40
Q8I912,49
Q8I913,34
Q8I914,34
Q8IDN0,2
Q8ILP3,2
Q8IRY7,28
Q8IS41,12
Q8IS98,44
Q8ISH7,27
Q8IV16,40
Q8IVL8,2
Q8IW00,34
Q8J0P4,2
Q8J136,34
Q8J1Y4,2
Q8J282,11
Q8J2V8,7
Q8JFB2,3
Q8JFG2,3
Q8JFY4,17
Q8JG54,2
Q8JH85,16
Q8JHB9,33
Q8JHE1,13
Q8JIM3,23
Q8JJ51,11
Q8JZQ2,34
Q8JZU2,7
Q8K0E8,49
Q8K0S5,2
Q8K182,49
Q8K1M5,17
Q8K3U6,1
Q8K4P1,46
Q8K4P2,46
Q8KQR1,11
Q8L3C7,34
Q8L6Z5,40
Q8L868,2
Q8L8Q7,2
Q8L8Y3,11
Q8L9H6,11
Q8L9P8,46
Q8L9T8,2
Q8LA14,28
Q8LAX3,40
Q8LC95,2
Q8LCE4,2
Q8LCN5,2
Q8LD27,21
Q8LD43,2
Q8LD63,40
Q8LDN4,28
Q8LDW6,33
Q8LE92,34
Q8LEE9,2
Q8LEJ6,2
Q8LEM4,11
Q8LFL4,28
Q8LG54,2
Q8LPS1,7
Q8LW54,34
Q8M9W3,32
Q8M9W5,7
Q8MA00,7
Q8MI35,17
Q8MJ25,41
Q8MJ80,17
Q8MJC3,7
Q8MJU1,7
Q8MJV4,49
Q8MJW9,13
Q8MK67,7
Q8MKI5,7
Q8MMH4,49
Q8MMJ7,35
Q8MP00,22
Q8MPY9,23
Q8MTX2,35
Q8N158,2
Q8N2E6,28
Q8N2G4,2
Q8N5G0,28
Q8N687,17
Q8N6Q3,2
Q8N729,17
Q8N7M5,2
Q8NFP4,2
Q8NG41,49
Q8NI32,2
Q8NJJ4,11
Q8NJP6,31
Q8NK98,31
Q8NK99,31
Q8NKB6,2
Q8NX91,21
Q8NX98,3
Q8NXI6,34
Q8PZ04,21
Q8QFQ3,13
Q8QFQ4,11
Q8QFQ5,8
Q8QFQ8,7
Q8QFW3,3
Q8QFW4,3
Q8QG86,16
Q8QG89,11
Q8QGA2,48
Q8QGH3,1
Q8QGP7,7
Q8QHK2,16
Q8QHK3,16
Q8R182,17
Q8R1I2,18
Q8R2G4,2
Q8R2Q8,2
Q8R460,7
Q8R4F1,2
Q8R4G0,40
Q8R4S2,7
Q8R4S4,7
Q8R4S5,7
Q8R4S6,7
Q8R4S7,7
Q8R5G8,40
Q8R5G9,40
Q8RB77,44
Q8RBA7,44
Q8REI3,44
Q8S2W4,2
Q8S8M2,11
Q8S8N0,11
Q8S8N1,28
Q8S8N2,11
Q8S8N3,11
Q8S8P7,11
Q8S8X7,7
Q8S8Y4,7
Q8S9J6,11
Q8SQ23,46
Q8SQ41,31
Q8SQ46,2
Q8SQD7,48
Q8SQG7,2
Q8SQG8,2
Q8SQN7,21
Q8SR11,21
Q8SWI4,40
Q8SXL2,23
Q8T0Y7,34
Q8T0Z3,25
Q8T112,23
Q8T117,40
Q8T1G4,40
Q8T1G5,40
Q8T1G6,40
Q8T6Z0,7
Q8T9R8,39
Q8TDM5,33
Q8TJB5,21
Q8TL28,40
Q8TW10,21
Q8U125,21
Q8U4C9,21
Q8UUG0,35
Q8UUG2,35
Q8UUH7,3
Q8UUH8,3
Q8UUH9,3
Q8UUI0,3
Q8UUI1,3
Q8UUI2,3
Q8UUI3,3
Q8UUI4,3
Q8UUK2,16
Q8UVX1,16
Q8UW08,3
Q8UW30,3
Q8UW31,3
Q8UW64,21
Q8UW80,18
Q8UW81,18
Q8UW82,18
Q8VCI0,11
Q8VDN2,7
Q8VEN2,2
Q8VXF2,34
Q8VXX5,2
Q8VYE5,2
Q8VYI9,2
Q8VYL3,49
Q8VYV9,40
Q8VZU3,34
Q8W261,11
Q8W4Y8,49
Q8WI34,7
Q8WI36,32
Q8WN12,18
Q8WPU1,40
Q8WRC7,24
Q8WS88,24
Q8WTD3,49
Q8WTD4,49
Q8WVF2,46
Q8WWA0,11
Q8WXF3,0
Q8WZY7,11
Q8X176,40
Q8X783,3
Q8XIJ1,44
Q8XIS3,44
Q8Y585,11
Q8YQS7,32
Q8YYG5,7
Q8ZDC4,3
Q8ZPK9,3
Q8ZST5,21
Q90251,3
Q90325,33
Q90326,33
Q90391,11
Q90392,11
Q90627,16
Q90628,16
Q90629,16
Q90762,1
Q90763,1
Q90773,2
Q90VW7,35
Q90W22,24
Q90W78,15
Q90W88,29
Q90WA7,3
Q90WA8,3
Q90WC0,28
Q90WD8,16
Q90WF4,18
Q90WP7,15
Q90WX8,40
Q90WZ1,29
Q90X85,46
Q90Y12,34
Q90Y63,4
Q90YA6,28
Q90ZK3,13
Q90ZK5,8
Q90ZM9,2
Q90ZX8,11
Q90ZY0,11
Q91041,16
Q91053,16
Q91082,43
Q91133,3
Q91166,18
Q91167,18
Q91189,4
Q91194,0
Q91330,18
Q91507,16
Q91508,16
Q91509,16
Q91510,16
Q91511,16
Q91516,16
Q91826,13
Q91838,1
Q91971,41
Q91V13,17
Q91V70,40
Q91V82,40
Q91VK4,40
Q91W27,24
Q91WW1,46
Q91X13,1
Q91X17,2
Q91X79,16
Q91XI3,0
Q91XL7,31
Q91YK8,2
Q92030,7
Q92058,2
Q92084,3
Q92085,3
Q92086,3
Q92097,18
Q920E0,34
Q920E1,46
Q920S2,2
Q92106,18
Q92178,47
Q92223,2
Q92340,2
Q92392,11
Q92405,49
Q924B5,2
Q92686,40
Q92876,16
Q93070,40
Q93109,49
Q931Q3,44
Q933I7,46
Q93409,4
Q93702,10
Q93MH4,3
Q93MH6,3
Q93R80,3
Q93V72,2
Q93VC9,40
Q93VK8,1
Q93WH6,34
Q93WP7,34
Q93WP8,34
Q93X17,46
Q93X49,34
Q93XK2,7
Q93XX5,2
Q93Z04,2
Q93Z08,2
Q93ZH0,2
Q941C5,11
Q941C7,34
Q945T0,11
Q94676,24
Q94AX3,2
Q94BT2,2
Q94CD8,2
Q94DM8,40
Q94EY2,11
Q94F08,2
Q94F57,2
Q94K85,40
Q94KT8,2
Q95104,4
Q95174,2
Q95176,2
Q95198,1
Q95211,2
Q95222,33
Q95235,1
Q95237,1
Q95241,28
Q95253,34
Q95323,2
Q95333,2
Q95335,18
Q95336,18
Q95J18,17
Q95J22,17
Q95J24,17
Q95J46,0
Q95J88,40
Q95JB4,17
Q95JC3,17
Q95JC9,30
Q95LD9,7
Q95LI0,46
Q95M08,2
Q95M12,49
Q95M25,17
Q95M33,7
Q95M66,17
Q95M67,17
Q95M68,17
Q95MI6,26
Q95ND5,7
Q95ND7,1
Q95NE0,2
Q95NH6,24
Q95NJ8,49
Q95NK7,40
Q95P23,10
Q95P48,23
Q96316,2
Q96474,34
Q969E1,17
Q96A98,34
Q96B86,2
Q96CW9,2
Q96PH6,17
Q96PL2,40
Q96RI0,46
Q96RP3,46
Q96TS6,31
Q975D1,21
Q975U8,21
Q97AZ7,21
Q97JJ9,44
Q97JL5,44
Q980L4,21
Q98892,2
Q98919,2
Q98995,28
Q98SP2,28
Q98ST6,1
Q98TA8,0
Q99013,46
Q99034,31
Q99036,31
Q99075,46
Q99109,19
Q99134,13
Q99219,34
Q99303,11
Q99317,2
Q99319,2
Q99320,2
Q99436,21
Q99523,17
Q99895,16
Q99935,49
Q99969,40
Q99JA0,26
Q99JB6,40
Q99LS0,40
Q99M75,2
Q99MA2,2
Q99MH3,17
Q99ML8,17
Q99MP3,26
Q99MP5,46
Q99MQ4,49
Q99N14,23
Q99PI8,2
Q99PJ0,2
Q99UX3,11
Q99V45,3
Q99VJ0,34
Q9A1S2,11
Q9AIS7,46
Q9AR88,1
Q9AVB0,40
Q9AYP9,40
Q9BBS2,7
Q9BBU3,32
Q9BDB7,28
Q9BDJ5,2
Q9BDJ6,28
Q9BEF8,28
Q9BG76,13
Q9BH21,39
Q9BH51,46
Q9BH73,39
Q9BH75,39
Q9BH79,34
Q9BH81,13
Q9BH84,12
Q9BH86,39
Q9BHA0,12
Q9BHA6,40
Q9BHB7,40
Q9BJV7,46
Q9BJV8,46
Q9BJV9,46
Q9BJW0,46
Q9BMP8,2
Q9BP43,40
Q9BP44,40
Q9BP45,39
Q9BP46,34
Q9BP47,40
Q9BP50,39
Q9BP51,40
Q9BP53,15
Q9BP55,48
Q9BP56,39
Q9BP58,39
Q9BP59,24
Q9BP60,40
Q9BP61,39
Q9BP62,39
Q9BP63,24
Q9BP64,39
Q9BP65,39
Q9BP66,39
Q9BP67,24
Q9BP68,39
Q9BP69,24
Q9BP70,24
Q9BP71,24
Q9BP72,24
Q9BP73,39
Q9BP74,39
Q9BP75,39
Q9BP76,39
Q9BP77,12
Q9BP78,12
Q9BP79,12
Q9BP80,12
Q9BP81,12
Q9BP82,12
Q9BP83,12
Q9BP84,12
Q9BP85,12
Q9BP86,14
Q9BP87,12
Q9BP88,12
Q9BP89,12
Q9BP90,12
Q9BP91,12
Q9BP92,40
Q9BP93,40
Q9BP94,12
Q9BP95,12
Q9BP96,12
Q9BP97,12
Q9BP98,12
Q9BP99,12
Q9BPA0,12
Q9BPA1,12
Q9BPA2,12
Q9BPA3,12
Q9BPA4,12
Q9BPA5,12
Q9BPA6,40
Q9BPA7,12
Q9BPA9,12
Q9BPB0,12
Q9BPB1,15
Q9BPB2,12
Q9BPB4,12
Q9BPB7,40
Q9BPB9,39
Q9BPC0,14
Q9BPC1,24
Q9BPC2,12
Q9BPC3,48
Q9BPC4,12
Q9BPC5,37
Q9BPC6,24
Q9BPC7,24
Q9BPC8,24
Q9BPC9,14
Q9BPD0,14
Q9BPD1,15
Q9BPD2,11
Q9BPD3,15
Q9BPD4,15
Q9BPD5,15
Q9BPD6,15
Q9BPD7,40
Q9BPD9,40
Q9BPE0,40
Q9BPE1,40
Q9BPE2,13
Q9BPE3,39
Q9BPE4,39
Q9BPE5,39
Q9BPE6,39
Q9BPE7,39
Q9BPE9,39
Q9BPF1,24
Q9BPF2,24
Q9BPF3,24
Q9BPF4,39
Q9BPF5,34
Q9BPF6,40
Q9BPF7,39
Q9BPF8,39
Q9BPF9,39
Q9BPG0,24
Q9BPG1,39
Q9BPG2,39
Q9BPG3,40
Q9BPG5,40
Q9BPG6,34
Q9BPG7,46
Q9BPG8,39
Q9BPH0,46
Q9BPH1,40
Q9BPH2,40
Q9BPH3,34
Q9BPH4,12
Q9BPH5,46
Q9BPH6,46
Q9BPH7,40
Q9BPH8,40
Q9BPH9,46
Q9BPI0,39
Q9BPI1,39
Q9BPI3,24
Q9BPI4,24
Q9BPI5,40
Q9BPI6,24
Q9BPI7,24
Q9BPI8,40
Q9BPI9,40
Q9BPJ0,40
Q9BPJ1,39
Q9BPJ2,39
Q9BPJ3,40
Q9BPJ4,39
Q9BPJ5,39
Q9BPJ6,15
Q9BPJ7,12
Q9BPJ8,15
Q9BPJ9,24
Q9BPK0,46
Q9BQR3,16
Q9BT56,1
Q9BXN1,46
Q9BXW4,11
Q9BY14,2
Q9BZD6,17
Q9BZD7,44
Q9BZJ3,16
Q9BZM4,40
Q9BZM5,2
Q9BZM6,40
Q9BZR6,2
Q9BZS1,40
Q9C0X9,49
Q9C169,31
Q9C5S0,2
Q9C7F7,40
Q9C7U5,2
Q9C8A4,2
Q9C9B1,2
Q9C9G4,33
Q9CA23,40
Q9CGL5,44
Q9CQ52,16
Q9CQC2,31
Q9CQV6,11
Q9CQW3,1
Q9CQX2,7
Q9CR53,18
Q9CRA0,40
Q9CWP4,2
Q9CZQ6,2
Q9D106,17
Q9D1N2,40
Q9D3P9,6
Q9D6Z6,7
Q9D7F2,2
Q9D7R7,31
Q9D7S0,2
Q9D7Z7,2
Q9DA79,2
Q9DD06,40
Q9DD23,2
Q9DD33,21
Q9DD49,18
Q9DE68,49
Q9DET7,13
Q9DEX3,49
Q9DF33,3
Q9DF52,3
Q9DF56,3
Q9DF66,16
Q9DF67,16
Q9DF68,16
Q9DFD6,48
Q9DG36,18
Q9DG83,16
Q9DG84,16
Q9DGC8,18
Q9DGC9,18
Q9DGD4,23
Q9DGK7,18
Q9EPI2,2
Q9EPS2,18
Q9EQ21,17
Q9EQF4,2
Q9EQX0,28
Q9ER63,11
Q9ERA7,40
Q9ES87,40
Q9ESD1,40
Q9ESQ8,23
Q9ESQ9,23
Q9ESY9,11
Q9F1K9,7
Q9FEB4,1
Q9FFH6,2
Q9FFY3,2
Q9FGF6,11
Q9FGH4,2
Q9FH31,34
Q9FHN6,2
Q9FHQ6,11
Q9FHX5,2
Q9FIA9,40
Q9FIW0,40
Q9FIW1,40
Q9FJ13,2
Q9FJU9,2
Q9FK16,2
Q9FKT1,2
Q9FM65,2
Q9FN39,2
Q9FNQ2,2
Q9FPR2,2
Q9FRF9,1
Q9FRT8,34
Q9FRT9,34
Q9FS10,17
Q9FSI9,49
Q9FVE0,2
Q9FY19,46
Q9FY78,2
Q9FZ54,40
Q9FZ86,2
Q9FZA0,49
Q9FZD0,2
Q9FZE4,11
Q9GJY2,2
Q9GK11,49
Q9GK16,2
Q9GK30,24
Q9GKQ6,17
Q9GKY5,28
Q9GL30,11
Q9GL67,20
Q9GLC7,24
Q9GLD0,5
Q9GLF6,18
Q9GLG1,47
Q9GLG4,4
Q9GLK4,0
Q9GLN8,17
Q9GLP2,1
Q9GLP6,17
Q9GLR2,34
Q9GLV5,40
Q9GLY5,46
Q9GM96,23
Q9GMB7,34
Q9GMT4,2
Q9GMY2,31
Q9GMY3,31
Q9GMY4,31
Q9GMY6,31
Q9GMY7,31
Q9GMY8,31
Q9GP84,2
Q9GQV7,23
Q9GQW4,22
Q9GSA4,18
Q9GSL0,36
Q9GU57,24
Q9GU58,24
Q9GZQ8,11
Q9GZZ7,2
Q9H159,1
Q9H1M4,34
Q9H1Z8,24
Q9H2R5,16
Q9H300,34
Q9H3Y0,1
Q9H4A9,2
Q9H4B8,2
Q9HBT6,1
Q9HCQ7,23
Q9HEZ3,31
Q9HHA8,28
Q9HR36,21
Q9I194,40
Q9I837,3
Q9I842,3
Q9I843,3
Q9I844,3
Q9I845,3
Q9I846,3
Q9I847,3
Q9I8P2,18
Q9I8P3,18
Q9I8W9,16
Q9I8X0,16
Q9I8X1,16
Q9I8X2,16
Q9I900,3
Q9I9D3,18
Q9I9L7,28
Q9IA08,18
Q9IA09,4
Q9IA10,18
Q9IAB0,28
Q9IAU2,4
Q9IAX6,28
Q9IAY0,11
Q9IAY1,11
Q9IAY2,40
Q9IAY3,11
Q9IB75,49
Q9JHI0,40
Q9JHJ7,2
Q9JHW0,21
Q9JHX4,28
Q9JI58,2
Q9JJT2,2
Q9JL18,46
Q9JLA2,7
Q9JLT2,2
Q9JM53,34
Q9JM71,16
Q9JMI7,2
Q9K5K2,7
Q9K5K3,7
Q9K5K8,7
Q9K8J7,44
Q9KD78,44
Q9KWM4,7
Q9KWN0,31
Q9L5D6,28
Q9LE56,2
Q9LE89,49
Q9LEH8,49
Q9LFW3,2
Q9LH43,46
Q9LI64,11
Q9LIB6,2
Q9LII0,40
Q9LJ85,40
Q9LJ86,2
Q9LJD9,2
Q9LJU0,2
Q9LJU1,2
Q9LK37,46
Q9LMY9,11
Q9LNN7,34
Q9LTW9,40
Q9LUA1,11
Q9LV87,40
Q9LV88,40
Q9LV97,11
Q9LVC0,2
Q9LX20,2
Q9LXU0,28
Q9LY91,2
Q9LYF6,2
Q9LZH5,40
Q9LZL3,46
Q9LZX4,2
Q9M088,2
Q9M099,28
Q9M0A1,2
Q9M0I0,2
Q9M0S4,2
Q9M2G1,2
Q9M2K6,40
Q9M2Y0,17
Q9M373,2
Q9M4E3,49
Q9M653,34
Q9M654,34
Q9MA62,46
Q9MAC1,2
Q9MS55,7
Q9MS58,7
Q9MS61,7
Q9MS64,7
Q9MS67,7
Q9MS70,7
Q9MS73,7
Q9MS76,7
Q9MS79,7
Q9MTL6,7
Q9MTN2,7
Q9MUS0,7
Q9MUW0,32
Q9MUW1,7
Q9MYK8,17
Q9MYM4,34
Q9MYV1,26
Q9MYY0,28
Q9MZV6,28
Q9MZV7,28
Q9N0A6,2
Q9N0E3,2
Q9N0T3,26
Q9N0V5,13
Q9N0Z6,7
Q9N2D0,34
Q9N2D1,16
Q9N2D2,49
Q9N2D3,31
Q9N2D4,31
Q9N2I1,28
Q9N2I2,34
Q9N4D8,34
Q9N4V0,10
Q9N563,23
Q9N5R0,49
Q9N633,37
Q9N661,49
Q9N669,14
Q9N6A4,12
Q9NBG9,11
Q9NDA5,39
Q9NDA6,39
Q9NDA7,39
Q9NDE7,40
Q9NDE8,10
Q9NFP1,2
Q9NGP0,24
Q9NIP6,23
Q9NJC6,49
Q9NJQ2,24
Q9NL55,1
Q9NL82,27
Q9NL83,27
Q9NPA2,2
Q9NPD7,33
Q9NQX7,48
Q9NZH6,7
Q9NZH8,7
Q9P0G3,16
Q9P121,2
Q9P358,31
Q9P359,31
Q9P378,2
Q9P3E4,40
Q9P4W3,31
Q9P4W4,31
Q9P7J9,2
Q9P8G3,40
Q9P992,21
Q9P996,21
Q9P9I1,20
Q9P9I3,20
Q9PJV0,46
Q9PQT2,44
Q9PRG0,3
Q9PRR0,0
Q9PRZ6,0
Q9PT26,21
Q9PT40,16
Q9PT41,16
Q9PT75,8
Q9PT98,18
Q9PT99,11
Q9PTA0,18
Q9PTA1,3
Q9PTA5,3
Q9PTA6,3
Q9PTA7,3
Q9PTL3,16
Q9PTQ4,26
Q9PTS1,26
Q9PTU8,16
Q9PU29,38
Q9PU41,38
Q9PU97,3
Q9PUG7,3
Q9PUG8,3
Q9PUG9,3
Q9PUH0,3
Q9PUH1,3
Q9PUH2,3
Q9PUH3,3
Q9PUH4,3
Q9PUH5,3
Q9PUH6,3
Q9PUH7,3
Q9PUH8,3
Q9PUH9,3
Q9PUI0,3
Q9PUI1,3
Q9PUR0,13
Q9PUR1,4
Q9PVK9,28
Q9PVW7,46
Q9PW35,11
Q9PW36,40
Q9PW56,29
Q9PW68,18
Q9PWJ0,28
Q9QUG3,2
Q9QUK9,16
Q9QUP5,44
Q9QUR8,2
Q9QXK8,4
Q9QXQ6,48
Q9QXQ7,46
Q9QXU9,13
Q9QXV0,13
Q9QXX3,1
Q9QY05,0
Q9QYH7,28
Q9QYZ9,16
Q9QZ25,40
Q9QZF2,2
Q9QZQ3,0
Q9QZQ4,0
Q9QZT3,1
Q9QZY5,34
Q9R087,2
Q9R0R1,11
Q9R0R3,40
Q9R0R4,40
Q9R0S3,2
Q9R0T7,16
Q9R171,34
Q9R1E6,17
Q9R1T3,17
Q9RQJ2,49
Q9S0W8,3
Q9S3W5,32
Q9S9K4,2
Q9SD84,2
Q9SE35,29
Q9SE93,7
Q9SI57,28
Q9SIL7,2
Q9SIU6,49
Q9SIZ9,40
Q9SJ81,2
Q9SJY7,2
Q9SK27,2
Q9SKW7,28
Q9SNC3,2
Q9SPL3,34
Q9SPL4,34
Q9SPL5,34
Q9SQN9,2
Q9SQT9,2
Q9SRT7,2
Q9SRY3,49
Q9SSG3,2
Q9STH5,2
Q9STQ3,2
Q9SU13,2
Q9SU40,2
Q9SUC9,2
Q9SUV6,2
Q9SV73,11
Q9SXA6,33
Q9SZ51,2
Q9SZG4,11
Q9T045,2
Q9T076,2
Q9T351,32
Q9TJ82,32
Q9TKY7,7
Q9TKZ9,7
Q9TL35,32
Q9TNF7,32
Q9TNF8,32
Q9TQY7,0
Q9TR93,40
Q9TRM8,24
Q9TRY9,17
Q9TS34,9
Q9TS35,9
Q9TS44,40
Q9TSX8,2
Q9TSZ0,17
Q9TSZ1,17
Q9TT95,40
Q9TTE2,49
Q9TU73,7
Q9TUI9,40
Q9TUX7,23
Q9TV13,28
Q9TVA3,9
Q9TVF6,12
Q9TVF7,12
Q9TVK3,12
Q9TVN1,12
Q9TVQ6,12
Q9TVQ7,12
Q9TVR4,12
Q9TVU1,12
Q9TVX4,12
Q9TVY1,39
Q9TW08,12
Q9TWM7,12
Q9TY83,44
Q9TY84,44
Q9TY95,34
Q9TZP5,7
Q9U3Z3,48
Q9U5D2,24
Q9U619,39
Q9U644,12
Q9U645,12
Q9U647,12
Q9U648,12
Q9U650,12
Q9U651,12
Q9U654,12
Q9U655,12
Q9U656,12
Q9U657,40
Q9U659,12
Q9U660,12
Q9U662,12
Q9U6X1,49
Q9U6Z5,34
Q9U6Z6,39
Q9U6Z8,34
Q9U6Z9,40
Q9U700,13
Q9U8R2,24
Q9UA71,12
Q9UA72,12
Q9UA83,12
Q9UA85,40
Q9UA86,12
Q9UA91,12
Q9UA93,12
Q9UA95,12
Q9UAB2,12
Q9UBC7,48
Q9UBR2,17
Q9UBU3,17
Q9UHA7,7
Q9UHF0,22
Q9UHG2,41
Q9UK23,17
Q9UKY0,2
Q9ULB4,1
Q9ULB5,1
Q9ULZ1,40
Q9ULZ9,2
Q9UNI1,16
Q9UR19,31
Q9URQ0,2
Q9UV63,7
Q9UVP6,31
Q9UWG6,20
Q9UXF3,21
Q9UYL3,20
Q9V0N9,21
Q9V247,21
Q9V253,21
Q9V2W8,20
Q9V2W9,20
Q9V2X0,20
Q9V2X1,20
Q9V521,7
Q9V751,31
Q9V8G0,40
Q9VC44,26
Q9VCW0,23
Q9VET0,22
Q9VG55,23
Q9VGE8,10
Q9VIH9,33
Q9VII1,33
Q9VII3,33
Q9VIQ0,23
Q9VJ33,11
Q9VKA0,33
Q9VLK4,13
Q9VPR7,2
Q9VQ66,28
Q9VT50,41
Q9VT51,24
Q9VT52,28
Q9VT53,11
Q9VTM6,33
Q9VTZ5,11
Q9VU58,11
Q9VV28,28
Q9VV72,2
Q9VVF7,26
Q9VZ21,33
Q9W0W6,6
Q9W1V6,7
Q9W3T7,33
Q9W4Q9,41
Q9W4Z4,34
Q9W6M9,4
Q9W6V2,2
Q9W7E9,0
Q9W7F0,0
Q9W7J3,3
Q9W7J4,3
Q9W7R2,0
Q9W7S2,40
Q9WTL0,40
Q9WTR5,33
Q9WU67,2
Q9WUC3,33
Q9WUG6,40
Q9WUK0,48
Q9WUU7,28
Q9WV41,0
Q9WVA8,23
Q9WVA9,23
Q9WVJ3,17
Q9WYZ1,21
Q9X2V7,7
Q9XEB5,11
Q9XEC4,49
Q9XF04,28
Q9XFX3,49
Q9XFX4,49
Q9XHP1,34
Q9XPS4,7
Q9XS63,5
Q9XSD9,49
Q9XSE2,49
Q9XSE9,9
Q9XSJ6,34
Q9XSM2,16
Q9XSN2,9
Q9XSN3,9
Q9XSQ7,7
Q9XSR0,7
Q9XSW6,18
Q9XT35,20
Q9XVX1,22
Q9XW71,23
Q9XWV7,10
Q9XYR5,34
Q9XYZ0,12
Q9XYZ1,12
Q9XZK2,37
Q9XZK3,40
Q9XZK4,40
Q9XZK5,12
Q9XZK6,34
Q9XZK7,40
Q9XZK8,12
Q9XZK9,12
Q9XZL0,12
Q9XZL1,12
Q9XZL2,12
Q9XZL3,12
Q9XZL4,12
Q9XZL5,12
Q9Y0X4,49
Q9Y0X6,29
Q9Y1U9,49
Q9Y251,28
Q9Y287,48
Q9Y2I2,40
Q9Y4W6,34
Q9Y581,4
Q9Y5Q6,24
Q9Y5Z0,46
Q9Y625,2
Q9Y646,17
Q9Y6M0,2
Q9Y6N8,1
Q9Y7S9,2
Q9Y7Y7,2
Q9Y833,31
Q9YAN6,20
Q9YAN8,20
Q9YER0,21
Q9YES4,21
Q9YGH3,0
Q9YGH4,0
Q9YGH5,0
Q9YGI6,16
Q9YGJ2,16
Q9YGJ8,16
Q9YGJ9,16
Q9YGK2,43
Q9YGK4,43
Q9YGK5,43
Q9YH26,7
Q9YI19,28
Q9Z0F1,40
Q9Z0J1,2
Q9Z0J8,2
Q9Z0K8,2
Q9Z0L5,1
Q9Z0L6,1
Q9Z0M1,16
Q9Z0M3,1
Q9Z0M5,17
Q9Z0T3,2
Q9Z0X1,34
Q9Z0Y2,3
Q9Z172,11
Q9Z1F1,17
Q9Z1Q3,33
Q9Z1Q4,33
Q9Z2Q3,2
Q9ZQ23,2
Q9ZQG9,2
Q9ZQI8,2
Q9ZQX0,34
Q9ZT16,2
Q9ZT17,2
Q9ZU91,2
Q9ZUJ5,2
Q9ZVC7,2
Q9ZWA8,2
R4JJN6,35
R4JNJ5,35
R4JQZ0,22
R4ZCU1,29
R9UC00,34
R9UC04,34
R9UC06,34
R9UC10,34
R9UCX1,34
R9UE59,34
R9UE63,25
R9UE65,13
R9UE68,34
R9UFE0,34
R9UFE4,25
R9UFJ8,34
S0F1M4,24
S0F1M6,24
S0F1M9,12
S0F1N0,24
S0F1N6,24
S0F1N7,24
S0F1P1,12
S0F204,24
S0F207,24
S0F209,24
S0F215,24
S4S2C7,39
S4S3F6,39
S4S3G3,39
S4UJV1,40
S4UJW3,34
S4UKA9,11
S6CWV8,35
S6D3A7,35
S7Q0E7,11
S8AKE6,31
T1NXB5,34
T1PQV6,49
T1PRE3,49
T1W425,17
U3UBT3,15
U4N938,34
U5KJC9,40
U5KJJ1,11
U5KJM4,11
U5KJM6,11
U5KJT7,40
U5KJZ2,11
U5L396,7
U5L397,7
U5L3J5,7
U5L3J7,7
U5L3J9,7
U5L3K1,7
U5L3M6,7
U5L3M7,7
U5L3M8,7
U5L3X0,7
U5L3X2,7
U5L406,7
U5L408,7
U5L409,7
U5YCR8,16
V5IRP6,2
V5LU01,40
V5V893,34
V5V9Y7,46
W0THY6,11
W4VRV4,49
W4VS16,12
W4VS49,49
W4VS82,12
W4VSA0,39
W4VSB6,40
W4VSC0,49
W4VSE7,12
W4VSF6,34
W4VSG7,34
W4VSI9,49
W4VSM1,46
W5U5X5,14
W7DQ33,27
W8EFS0,11
W8GNV3,34
X5I9Y2,13
X5I9Z2,13
X5IFY8,39
X5IFZ1,40
X5IGW1,13
X5IWS1,49
X5IWT5,39
X5IXY8,34
X5IY26,12
A0A1D8PQ86,50
A0A1D8PQB9,50
A0AAQ4VMX2,50
A2QUQ2,50
B2DCR8,50
F1RWC3,50
H2EQR6,50
H2KZ60,50
O06653,50
O13368,50
O42350,50
O55111,50
O60494,50
O70244,50
O74623,50
O93484,50
O94779,50
P01024,50
P01025,50
P01026,50
P01027,50
P04932,50
P04933,50
P04934,50
P08569,50
P08640,50
P09805,50
P09831,50
P0C0L4,50
P0C0L5,50
P0CU38,50
P10039,50
P12387,50
P12661,50
P13819,50
P13828,50
P16881,50
P19069,50
P19598,50
P22063,50
P25489,50
P25653,50
P32768,50
P35555,50
P35556,50
P36170,50
P38894,50
P39712,50
P42835,50
P43153,50
P47179,50
P50495,50
P50899,50
P53621,50
P68500,50
P96989,50
P97527,50
P97528,50
P98133,50
Q01833,50
Q02246,50
Q02413,50
Q03763,50
Q05755,50
Q06811,50
Q07409,50
Q14126,50
Q24702,50
Q27954,50
Q2UVX4,50
Q3BDI7,50
Q41406,50
Q53020,50
Q53047,50
Q56F26,50
Q58L90,50
Q58L91,50
Q593B6,50
Q59L12,50
Q59SG9,50
Q59XA7,50
Q59XL0,50
Q5A1E0,50
Q5A2Z7,50
Q5A312,50
Q5A5M7,50
Q5A849,50
Q5A8T4,50
Q5A8T7,50
Q5AAL9,50
Q5AJV5,50
Q61330,50
Q61495,50
Q61554,50
Q61555,50
Q62682,50
Q62845,50
Q69Z26,50
Q6W3B0,50
Q6Y9H0,50
Q6YHK3,50
Q75N90,50
Q769J6,50
Q76LX8,50
Q7LHG5,50
Q7RTW8,50
Q7RTY7,50
Q7SZN0,50
Q7TMD7,50
Q7TSF1,50
Q7ZW34,50
Q86SJ6,50
Q8AXZ4,50
Q8CIE6,50
Q8DQN5,50
Q8I0U8,50
Q8IWV2,50
Q8K561,50
Q8R422,50
Q8TFG9,50
Q8TGE1,50
Q90W79,50
Q91274,50
Q92619,50
Q96WV6,50
Q99031,50
Q99315,50
Q9GKQ8,50
Q9JLB4,50
Q9JMB8,50
Q9KKA3,50
Q9L7Q2,50
Q9P232,50
Q9P6S0,50
Q9TU53,50
Q9TV36,50
Q9UQ52,50
Q9VN14,50
